studyid,black,hispanic,female,appyear,mnce,select,choice,selectyrs,choiceyrs,mnce90,selectyrs1,selectyrs2,selectyrs3,selectyrs4,choiceyrs1,choiceyrs2,choiceyrs3,choiceyrs4,fitted
21,1,0,1,90,44,1,0,4,1,,0,0,0,1,1,0,0,0,3.0964621595996853
26,1,0,0,90,46,1,1,4,4,,0,0,0,1,0,0,0,1,3.0641042305751913
30,1,0,0,90,20,1,1,4,4,,0,0,0,1,0,0,0,1,3.0641042305751913
31,1,0,1,90,36,1,1,4,4,,0,0,0,1,0,0,0,1,3.0964621595996853
33,1,0,0,90,32,1,1,4,4,,0,0,0,1,0,0,0,1,3.0641042305751913
39,1,0,1,90,76,1,0,4,1,19.0,0,0,0,1,1,0,0,0,3.0964621595996853
43,1,0,1,90,1,1,1,4,4,,0,0,0,1,0,0,0,1,3.0964621595996853
44,1,0,1,90,17,1,1,4,4,,0,0,0,1,0,0,0,1,3.0964621595996853
45,1,0,1,90,58,1,1,4,4,,0,0,0,1,0,0,0,1,3.0964621595996853
46,1,0,1,90,15,1,1,4,4,20.0,0,0,0,1,0,0,0,1,3.0964621595996853
47,1,0,1,90,81,1,0,4,1,58.0,0,0,0,1,1,0,0,0,3.0964621595996853
49,1,0,0,90,10,1,1,4,4,66.0,0,0,0,1,0,0,0,1,3.0641042305751913
51,1,0,0,90,37,1,0,4,3,52.0,0,0,0,1,0,0,1,0,3.0641042305751913
53,1,0,0,90,59,1,0,4,1,,0,0,0,1,1,0,0,0,3.0641042305751913
54,1,0,0,90,60,1,0,4,1,46.0,0,0,0,1,1,0,0,0,3.0641042305751913
55,1,0,0,90,47,1,1,4,4,,0,0,0,1,0,0,0,1,3.0641042305751913
57,1,0,1,90,10,1,1,4,3,28.0,0,0,0,1,0,0,1,0,3.0964621595996853
60,1,0,0,90,62,1,1,4,3,54.0,0,0,0,1,0,0,1,0,3.0641042305751913
61,1,0,0,90,10,1,1,4,3,32.0,0,0,0,1,0,0,1,0,3.0641042305751913
62,1,0,0,90,29,1,0,4,2,44.0,0,0,0,1,0,1,0,0,3.0641042305751913
63,1,0,0,90,64,1,1,4,4,61.0,0,0,0,1,0,0,0,1,3.0641042305751913
69,1,0,1,90,63,1,1,4,3,55.0,0,0,0,1,0,0,1,0,3.0964621595996853
71,1,0,1,90,13,1,1,4,3,,0,0,0,1,0,0,1,0,3.0964621595996853
91,1,0,1,90,57,1,0,4,0,,0,0,0,1,0,0,0,0,3.0964621595996853
132,0,1,1,90,39,1,1,4,3,,0,0,0,1,0,0,1,0,3.1100616915903405
133,0,1,1,90,13,1,1,4,3,,0,0,0,1,0,0,1,0,3.1100616915903405
136,0,1,0,90,66,1,1,4,3,,0,0,0,1,0,0,1,0,3.0777037625658465
138,0,1,0,90,10,1,1,4,3,,0,0,0,1,0,0,1,0,3.0777037625658465
139,0,1,1,90,62,1,1,4,4,58.0,0,0,0,1,0,0,0,1,3.1100616915903405
179,1,0,0,90,31,1,0,4,0,,0,0,0,1,0,0,0,0,3.0641042305751913
192,1,0,1,90,66,1,0,4,0,54.0,0,0,0,1,0,0,0,0,3.0964621595996853
194,1,0,1,90,37,1,0,4,0,,0,0,0,1,0,0,0,0,3.0964621595996853
195,0,0,1,90,59,1,0,4,0,61.0,0,0,0,1,0,0,0,0,3.0670327866632072
199,1,0,1,90,42,1,1,4,4,1.0,0,0,0,1,0,0,0,1,3.0964621595996853
200,1,0,1,90,47,1,1,4,4,33.0,0,0,0,1,0,0,0,1,3.0964621595996853
207,1,0,0,90,60,1,0,4,0,58.0,0,0,0,1,0,0,0,0,3.0641042305751913
212,1,0,0,90,38,1,0,4,0,,0,0,0,1,0,0,0,0,3.0641042305751913
214,1,0,1,90,17,1,1,4,2,,0,0,0,1,0,1,0,0,3.0964621595996853
215,0,0,1,90,41,1,1,4,2,,0,0,0,1,0,1,0,0,3.0670327866632072
221,1,0,1,90,35,1,1,4,3,,0,0,0,1,0,0,1,0,3.0964621595996853
223,0,0,1,90,50,1,1,4,2,,0,0,0,1,0,1,0,0,3.0670327866632072
225,0,0,1,90,66,1,1,4,4,,0,0,0,1,0,0,0,1,3.0670327866632072
226,1,0,0,90,15,1,1,4,4,28.0,0,0,0,1,0,0,0,1,3.0641042305751913
228,0,0,0,90,58,1,1,4,4,69.0,0,0,0,1,0,0,0,1,3.0346748576387133
230,0,0,1,90,68,1,1,4,4,,0,0,0,1,0,0,0,1,3.0670327866632072
232,0,0,0,90,38,1,1,4,4,54.0,0,0,0,1,0,0,0,1,3.0346748576387133
233,0,0,0,90,55,1,1,4,4,,0,0,0,1,0,0,0,1,3.0346748576387133
241,1,0,0,90,68,1,1,4,2,,0,0,0,1,0,1,0,0,3.0641042305751913
245,1,0,1,90,28,1,1,4,3,,0,0,0,1,0,0,1,0,3.0964621595996853
246,1,0,1,90,44,1,1,4,3,,0,0,0,1,0,0,1,0,3.0964621595996853
248,1,0,1,90,52,1,1,4,4,,0,0,0,1,0,0,0,1,3.0964621595996853
251,1,0,0,90,50,1,1,4,4,,0,0,0,1,0,0,0,1,3.0641042305751913
253,1,0,1,90,56,1,1,4,4,,0,0,0,1,0,0,0,1,3.0964621595996853
257,1,0,1,90,48,1,1,4,4,,0,0,0,1,0,0,0,1,3.0964621595996853
258,1,0,0,90,33,1,1,4,4,,0,0,0,1,0,0,0,1,3.0641042305751913
261,1,0,1,90,42,1,1,4,3,32.0,0,0,0,1,0,0,1,0,3.0964621595996853
263,1,0,1,90,50,1,1,4,4,,0,0,0,1,0,0,0,1,3.0964621595996853
264,1,0,1,90,48,1,1,4,4,,0,0,0,1,0,0,0,1,3.0964621595996853
265,1,0,1,90,23,1,1,4,4,,0,0,0,1,0,0,0,1,3.0964621595996853
268,1,0,0,90,10,1,1,4,3,,0,0,0,1,0,0,1,0,3.0641042305751913
270,1,0,1,90,60,1,1,4,3,,0,0,0,1,0,0,1,0,3.0964621595996853
271,1,0,1,90,42,1,1,4,3,,0,0,0,1,0,0,1,0,3.0964621595996853
272,1,0,0,90,33,1,1,4,4,,0,0,0,1,0,0,0,1,3.0641042305751913
273,1,0,0,90,47,1,1,4,3,58.0,0,0,0,1,0,0,1,0,3.0641042305751913
274,1,0,0,90,35,1,1,4,3,,0,0,0,1,0,0,1,0,3.0641042305751913
275,1,0,1,90,50,1,0,4,1,42.0,0,0,0,1,1,0,0,0,3.0964621595996853
276,1,0,0,90,45,1,1,4,3,,0,0,0,1,0,0,1,0,3.0641042305751913
280,1,0,0,90,7,1,1,4,3,,0,0,0,1,0,0,1,0,3.0641042305751913
283,1,0,1,90,20,1,1,4,3,,0,0,0,1,0,0,1,0,3.0964621595996853
288,1,0,1,90,31,1,1,4,4,41.0,0,0,0,1,0,0,0,1,3.0964621595996853
294,1,0,1,90,54,1,1,4,4,,0,0,0,1,0,0,0,1,3.0964621595996853
295,1,0,1,90,52,1,1,4,4,,0,0,0,1,0,0,0,1,3.0964621595996853
298,1,0,0,90,46,1,1,4,4,15.0,0,0,0,1,0,0,0,1,3.0641042305751913
301,1,0,0,90,99,1,1,4,4,,0,0,0,1,0,0,0,1,3.0641042305751913
302,1,0,0,90,51,1,1,4,4,31.0,0,0,0,1,0,0,0,1,3.0641042305751913
306,1,0,0,90,28,1,1,4,4,20.0,0,0,0,1,0,0,0,1,3.0641042305751913
312,1,0,1,90,51,1,1,4,4,31.0,0,0,0,1,0,0,0,1,3.0964621595996853
314,1,0,0,90,85,1,1,4,3,,0,0,0,1,0,0,1,0,3.0641042305751913
316,1,0,1,90,50,1,1,4,4,31.0,0,0,0,1,0,0,0,1,3.0964621595996853
317,1,0,0,90,13,1,1,4,4,,0,0,0,1,0,0,0,1,3.0641042305751913
320,1,0,1,90,48,1,1,4,4,,0,0,0,1,0,0,0,1,3.0964621595996853
321,1,0,1,90,80,1,1,4,3,,0,0,0,1,0,0,1,0,3.0964621595996853
322,1,0,0,90,73,1,1,4,4,,0,0,0,1,0,0,0,1,3.0641042305751913
323,1,0,0,90,59,1,1,4,4,,0,0,0,1,0,0,0,1,3.0641042305751913
324,1,0,0,90,35,1,1,4,4,,0,0,0,1,0,0,0,1,3.0641042305751913
325,1,0,1,90,10,1,0,4,2,32.0,0,0,0,1,0,1,0,0,3.0964621595996853
340,1,0,1,90,48,1,1,4,4,,0,0,0,1,0,0,0,1,3.0964621595996853
341,0,1,1,90,38,1,1,4,4,,0,0,0,1,0,0,0,1,3.1100616915903405
342,0,1,0,90,67,1,0,4,1,55.0,0,0,0,1,1,0,0,0,3.0777037625658465
353,0,1,1,90,48,1,1,4,3,32.0,0,0,0,1,0,0,1,0,3.1100616915903405
354,0,1,1,90,45,1,0,4,1,,0,0,0,1,1,0,0,0,3.1100616915903405
370,1,0,0,91,32,1,1,3,2,,0,0,1,0,0,1,0,0,2.3006720951966044
371,1,0,1,91,46,1,1,3,2,,0,0,1,0,0,1,0,0,2.333030024221099
372,0,1,1,91,36,1,1,3,2,59.0,0,0,1,0,0,1,0,0,2.3466295562117536
379,1,0,0,93,32,1,1,1,1,,1,0,0,0,1,0,0,0,0.7738078244394309
380,1,0,0,91,42,1,0,3,1,20.0,0,0,1,0,1,0,0,0,2.3006720951966044
381,1,0,0,93,67,1,1,1,1,,1,0,0,0,1,0,0,0,0.7738078244394309
382,1,0,1,91,59,1,1,3,3,58.0,0,0,1,0,0,0,1,0,2.333030024221099
385,1,0,0,91,99,1,1,3,2,,0,0,1,0,0,1,0,0,2.3006720951966044
387,1,0,0,91,7,1,1,3,2,,0,0,1,0,0,1,0,0,2.3006720951966044
391,1,0,0,91,40,1,1,3,3,39.0,0,0,1,0,0,0,1,0,2.3006720951966044
392,1,0,0,91,45,1,1,3,2,,0,0,1,0,0,1,0,0,2.3006720951966044
394,1,0,1,91,31,1,1,3,3,56.0,0,0,1,0,0,0,1,0,2.333030024221099
396,1,0,1,91,55,1,1,3,3,,0,0,1,0,0,0,1,0,2.333030024221099
397,1,0,1,91,61,1,1,3,2,,0,0,1,0,0,1,0,0,2.333030024221099
398,1,0,1,91,41,1,1,3,3,,0,0,1,0,0,0,1,0,2.333030024221099
402,1,0,1,91,52,1,1,3,3,57.0,0,0,1,0,0,0,1,0,2.333030024221099
403,1,0,1,91,47,1,1,3,3,,0,0,1,0,0,0,1,0,2.333030024221099
405,1,0,1,91,56,1,1,3,2,,0,0,1,0,0,1,0,0,2.333030024221099
412,1,0,0,91,32,1,1,3,3,,0,0,1,0,0,0,1,0,2.3006720951966044
415,1,0,1,91,17,1,1,3,3,,0,0,1,0,0,0,1,0,2.333030024221099
421,1,0,0,91,46,1,1,3,2,,0,0,1,0,0,1,0,0,2.3006720951966044
427,1,0,1,91,28,1,0,3,1,41.0,0,0,1,0,1,0,0,0,2.333030024221099
432,1,0,1,91,38,1,1,3,2,,0,0,1,0,0,1,0,0,2.333030024221099
436,1,0,1,91,68,1,1,3,3,,0,0,1,0,0,0,1,0,2.333030024221099
438,1,0,1,91,36,1,1,3,3,,0,0,1,0,0,0,1,0,2.333030024221099
439,1,0,1,91,29,1,1,3,2,15.0,0,0,1,0,0,1,0,0,2.333030024221099
440,1,0,0,91,34,1,1,3,2,,0,0,1,0,0,1,0,0,2.3006720951966044
442,1,0,0,91,17,1,0,3,0,25.0,0,0,1,0,0,0,0,0,2.3006720951966044
443,1,0,1,93,25,1,1,1,2,,1,0,0,0,0,1,0,0,0.8061657534639254
444,1,0,1,91,38,1,1,3,1,,0,0,1,0,1,0,0,0,2.333030024221099
451,1,0,0,91,62,1,1,3,3,,0,0,1,0,0,0,1,0,2.3006720951966044
452,1,0,0,91,44,1,1,3,2,,0,0,1,0,0,1,0,0,2.3006720951966044
453,1,0,1,91,34,1,1,3,3,,0,0,1,0,0,0,1,0,2.333030024221099
457,1,0,0,91,51,1,1,3,2,,0,0,1,0,0,1,0,0,2.3006720951966044
459,1,0,0,91,90,1,1,3,2,,0,0,1,0,0,1,0,0,2.3006720951966044
484,1,0,1,92,48,1,1,2,1,,0,1,0,0,1,0,0,0,1.5695978888425122
490,0,1,1,91,1,1,1,3,2,,0,0,1,0,0,1,0,0,2.3466295562117536
492,1,0,1,91,7,1,1,3,2,,0,0,1,0,0,1,0,0,2.333030024221099
494,0,0,0,91,28,1,1,3,2,,0,0,1,0,0,1,0,0,2.2712427222601264
497,0,1,0,91,34,1,1,3,1,,0,0,1,0,1,0,0,0,2.31427162718726
498,1,0,0,91,20,1,1,3,3,41.0,0,0,1,0,0,0,1,0,2.3006720951966044
503,1,0,0,91,52,1,1,3,3,,0,0,1,0,0,0,1,0,2.3006720951966044
504,1,0,1,91,39,1,1,3,3,,0,0,1,0,0,0,1,0,2.333030024221099
505,1,0,0,91,17,1,1,3,3,,0,0,1,0,0,0,1,0,2.3006720951966044
508,1,0,1,91,35,1,0,3,2,,0,0,1,0,0,1,0,0,2.333030024221099
510,1,0,0,91,28,1,1,3,2,,0,0,1,0,0,1,0,0,2.3006720951966044
511,1,0,1,91,35,1,1,3,2,1.0,0,0,1,0,0,1,0,0,2.333030024221099
514,1,0,0,91,1,1,0,3,1,,0,0,1,0,1,0,0,0,2.3006720951966044
515,1,0,1,91,62,1,1,3,3,48.0,0,0,1,0,0,0,1,0,2.333030024221099
516,1,0,0,91,17,1,0,3,1,25.0,0,0,1,0,1,0,0,0,2.3006720951966044
518,1,0,0,91,10,1,1,3,3,15.0,0,0,1,0,0,0,1,0,2.3006720951966044
519,1,0,0,91,31,1,1,3,3,,0,0,1,0,0,0,1,0,2.3006720951966044
520,1,0,0,91,47,1,1,3,3,41.0,0,0,1,0,0,0,1,0,2.3006720951966044
522,1,0,0,91,38,1,1,3,3,10.0,0,0,1,0,0,0,1,0,2.3006720951966044
523,1,0,1,91,17,1,0,3,2,34.0,0,0,1,0,0,1,0,0,2.333030024221099
525,1,0,1,91,45,1,1,3,3,,0,0,1,0,0,0,1,0,2.333030024221099
526,1,0,1,91,41,1,1,3,3,,0,0,1,0,0,0,1,0,2.333030024221099
529,1,0,1,91,31,1,0,3,2,,0,0,1,0,0,1,0,0,2.333030024221099
531,1,0,0,91,48,1,1,3,3,,0,0,1,0,0,0,1,0,2.3006720951966044
533,1,0,0,91,46,1,0,3,1,,0,0,1,0,1,0,0,0,2.3006720951966044
535,1,0,0,91,81,1,0,3,2,,0,0,1,0,0,1,0,0,2.3006720951966044
536,1,0,1,91,22,1,1,3,3,,0,0,1,0,0,0,1,0,2.333030024221099
538,1,0,1,91,51,1,1,3,3,,0,0,1,0,0,0,1,0,2.333030024221099
543,1,0,0,91,20,1,1,3,1,,0,0,1,0,1,0,0,0,2.3006720951966044
545,1,0,1,91,45,1,1,3,1,,0,0,1,0,1,0,0,0,2.333030024221099
555,1,0,0,91,44,1,1,3,3,45.0,0,0,1,0,0,0,1,0,2.3006720951966044
556,1,0,1,91,46,1,1,3,3,59.0,0,0,1,0,0,0,1,0,2.333030024221099
558,1,0,0,91,30,1,0,3,1,,0,0,1,0,1,0,0,0,2.3006720951966044
559,1,0,0,91,54,1,1,3,3,,0,0,1,0,0,0,1,0,2.3006720951966044
560,1,0,1,91,38,1,1,3,3,,0,0,1,0,0,0,1,0,2.333030024221099
563,1,0,0,91,22,1,1,3,2,,0,0,1,0,0,1,0,0,2.3006720951966044
564,1,0,1,91,22,1,1,3,3,34.0,0,0,1,0,0,0,1,0,2.333030024221099
567,1,0,0,91,1,1,1,3,3,,0,0,1,0,0,0,1,0,2.3006720951966044
580,1,0,0,91,48,1,1,3,3,,0,0,1,0,0,0,1,0,2.3006720951966044
585,1,0,1,91,17,1,1,3,3,,0,0,1,0,0,0,1,0,2.333030024221099
588,1,0,1,91,34,1,1,3,3,,0,0,1,0,0,0,1,0,2.333030024221099
592,1,0,0,91,10,1,1,3,3,,0,0,1,0,0,0,1,0,2.3006720951966044
595,1,0,0,91,48,1,1,3,3,,0,0,1,0,0,0,1,0,2.3006720951966044
596,1,0,1,91,46,1,1,3,3,,0,0,1,0,0,0,1,0,2.333030024221099
597,1,0,0,91,46,1,1,3,3,,0,0,1,0,0,0,1,0,2.3006720951966044
598,1,0,1,91,41,1,1,3,3,,0,0,1,0,0,0,1,0,2.333030024221099
612,1,0,0,91,40,1,0,3,1,36.0,0,0,1,0,1,0,0,0,2.3006720951966044
625,1,0,0,91,48,1,1,3,3,,0,0,1,0,0,0,1,0,2.3006720951966044
627,1,0,0,91,46,1,1,3,3,,0,0,1,0,0,0,1,0,2.3006720951966044
628,1,0,1,91,61,1,1,3,2,,0,0,1,0,0,1,0,0,2.333030024221099
631,1,0,1,91,48,1,1,3,3,,0,0,1,0,0,0,1,0,2.333030024221099
632,1,0,0,91,51,1,1,3,3,,0,0,1,0,0,0,1,0,2.3006720951966044
633,1,0,1,91,44,1,1,3,3,,0,0,1,0,0,0,1,0,2.333030024221099
635,1,0,1,91,20,1,1,3,3,,0,0,1,0,0,0,1,0,2.333030024221099
636,1,0,0,91,42,1,0,3,1,25.0,0,0,1,0,1,0,0,0,2.3006720951966044
637,1,0,1,91,55,1,1,3,3,,0,0,1,0,0,0,1,0,2.333030024221099
638,1,0,1,91,25,1,1,3,3,,0,0,1,0,0,0,1,0,2.333030024221099
639,1,0,0,91,53,1,1,3,3,,0,0,1,0,0,0,1,0,2.3006720951966044
640,1,0,1,91,44,1,1,3,3,,0,0,1,0,0,0,1,0,2.333030024221099
641,1,0,1,91,28,1,1,3,3,,0,0,1,0,0,0,1,0,2.333030024221099
642,0,1,1,91,45,1,1,3,3,,0,0,1,0,0,0,1,0,2.3466295562117536
645,1,0,0,91,64,1,1,3,1,,0,0,1,0,1,0,0,0,2.3006720951966044
651,0,1,0,91,42,1,1,3,1,,0,0,1,0,1,0,0,0,2.31427162718726
656,0,1,1,91,48,1,1,3,1,,0,0,1,0,1,0,0,0,2.3466295562117536
667,0,1,1,91,25,1,1,3,1,,0,0,1,0,1,0,0,0,2.3466295562117536
668,0,1,1,91,90,1,1,3,2,,0,0,1,0,0,1,0,0,2.3466295562117536
669,0,1,1,91,32,1,1,3,2,,0,0,1,0,0,1,0,0,2.3466295562117536
672,0,1,1,91,34,1,1,3,2,,0,0,1,0,0,1,0,0,2.3466295562117536
674,0,1,1,91,56,1,1,3,2,,0,0,1,0,0,1,0,0,2.3466295562117536
675,0,1,0,92,90,1,1,2,1,,0,1,0,0,1,0,0,0,1.5508394918086728
676,0,1,1,91,61,1,1,3,2,,0,0,1,0,0,1,0,0,2.3466295562117536
678,0,1,0,91,41,1,1,3,2,,0,0,1,0,0,1,0,0,2.31427162718726
682,0,1,0,91,44,1,1,3,2,,0,0,1,0,0,1,0,0,2.31427162718726
683,0,1,1,91,72,1,1,3,2,,0,0,1,0,0,1,0,0,2.3466295562117536
688,0,1,0,91,41,1,1,3,2,,0,0,1,0,0,1,0,0,2.31427162718726
689,0,1,1,91,41,1,1,3,3,,0,0,1,0,0,0,1,0,2.3466295562117536
693,0,1,1,91,13,1,1,3,3,,0,0,1,0,0,0,1,0,2.3466295562117536
697,0,1,1,91,34,1,1,3,3,,0,0,1,0,0,0,1,0,2.3466295562117536
698,0,1,1,91,53,1,1,3,3,,0,0,1,0,0,0,1,0,2.3466295562117536
699,0,1,1,91,13,1,1,3,3,,0,0,1,0,0,0,1,0,2.3466295562117536
701,1,0,0,91,23,1,1,3,3,,0,0,1,0,0,0,1,0,2.3006720951966044
704,0,1,0,91,85,1,1,3,3,,0,0,1,0,0,0,1,0,2.31427162718726
705,0,1,0,91,56,1,1,3,3,,0,0,1,0,0,0,1,0,2.31427162718726
707,0,1,0,91,33,1,1,3,3,,0,0,1,0,0,0,1,0,2.31427162718726
710,0,1,1,91,58,1,1,3,3,,0,0,1,0,0,0,1,0,2.3466295562117536
712,0,1,1,91,46,1,1,3,3,,0,0,1,0,0,0,1,0,2.3466295562117536
713,0,1,1,91,42,1,1,3,3,,0,0,1,0,0,0,1,0,2.3466295562117536
715,0,1,1,91,15,1,1,3,3,,0,0,1,0,0,0,1,0,2.3466295562117536
717,0,1,1,91,37,1,1,3,3,,0,0,1,0,0,0,1,0,2.3466295562117536
718,0,1,0,91,77,1,0,3,0,66.0,0,0,1,0,0,0,0,0,2.31427162718726
719,0,1,1,91,70,1,0,3,0,61.0,0,0,1,0,0,0,0,0,2.3466295562117536
724,1,0,1,91,17,1,0,3,0,29.0,0,0,1,0,0,0,0,0,2.333030024221099
727,0,1,0,91,58,1,1,3,3,,0,0,1,0,0,0,1,0,2.31427162718726
730,0,1,0,91,26,1,1,3,3,,0,0,1,0,0,0,1,0,2.31427162718726
731,0,1,1,91,20,1,1,3,2,,0,0,1,0,0,1,0,0,2.3466295562117536
733,0,1,0,91,36,1,1,3,3,,0,0,1,0,0,0,1,0,2.31427162718726
734,0,1,0,91,28,1,1,3,3,,0,0,1,0,0,0,1,0,2.31427162718726
737,0,1,1,91,22,1,1,3,3,,0,0,1,0,0,0,1,0,2.3466295562117536
738,0,1,0,91,46,1,1,3,3,,0,0,1,0,0,0,1,0,2.31427162718726
742,0,1,0,91,33,1,1,3,3,,0,0,1,0,0,0,1,0,2.31427162718726
743,0,1,1,91,28,1,1,3,3,,0,0,1,0,0,0,1,0,2.3466295562117536
751,0,1,1,91,56,1,1,3,3,,0,0,1,0,0,0,1,0,2.3466295562117536
754,0,1,1,91,87,1,1,3,3,,0,0,1,0,0,0,1,0,2.3466295562117536
768,1,0,1,91,54,1,1,3,2,,0,0,1,0,0,1,0,0,2.333030024221099
769,1,0,0,90,51,1,1,4,4,,0,0,0,1,0,0,0,1,3.0641042305751913
770,1,0,1,90,31,1,1,4,4,56.0,0,0,0,1,0,0,0,1,3.0964621595996853
772,1,0,1,90,46,1,1,4,4,,0,0,0,1,0,0,0,1,3.0964621595996853
774,1,0,1,90,59,1,0,4,3,68.0,0,0,0,1,0,0,1,0,3.0964621595996853
775,1,0,1,90,32,1,1,4,4,1.0,0,0,0,1,0,0,0,1,3.0964621595996853
776,1,0,1,90,42,1,1,4,2,,0,0,0,1,0,1,0,0,3.0964621595996853
783,1,0,1,90,50,1,1,4,4,,0,0,0,1,0,0,0,1,3.0964621595996853
784,1,0,0,90,28,1,1,4,3,15.0,0,0,0,1,0,0,1,0,3.0641042305751913
786,1,0,0,90,1,1,1,4,4,,0,0,0,1,0,0,0,1,3.0641042305751913
787,1,0,0,90,15,1,1,4,4,,0,0,0,1,0,0,0,1,3.0641042305751913
789,1,0,0,91,42,1,1,3,1,,0,0,1,0,1,0,0,0,2.3006720951966044
791,1,0,1,91,63,1,1,3,3,,0,0,1,0,0,0,1,0,2.333030024221099
792,1,0,1,91,48,1,1,3,3,,0,0,1,0,0,0,1,0,2.333030024221099
797,0,0,0,91,1,1,1,3,1,,0,0,1,0,1,0,0,0,2.2712427222601264
798,0,1,1,91,1,1,1,3,2,,0,0,1,0,0,1,0,0,2.3466295562117536
799,0,1,1,91,15,1,1,3,3,38.0,0,0,1,0,0,0,1,0,2.3466295562117536
800,0,1,1,91,33,1,1,3,3,,0,0,1,0,0,0,1,0,2.3466295562117536
801,0,1,0,91,30,1,1,3,3,,0,0,1,0,0,0,1,0,2.31427162718726
840,1,0,0,90,29,1,0,4,2,10.0,0,0,0,1,0,1,0,0,3.0641042305751913
845,1,0,0,90,45,1,1,4,4,31.0,0,0,0,1,0,0,0,1,3.0641042305751913
847,1,0,1,90,55,1,1,4,4,,0,0,0,1,0,0,0,1,3.0964621595996853
867,1,0,0,90,45,1,1,4,4,28.0,0,0,0,1,0,0,0,1,3.0641042305751913
868,1,0,1,90,44,1,1,4,4,25.0,0,0,0,1,0,0,0,1,3.0964621595996853
871,1,0,1,91,44,1,0,3,2,,0,0,1,0,0,1,0,0,2.333030024221099
874,0,1,0,90,28,1,0,4,2,,0,0,0,1,0,1,0,0,3.0777037625658465
875,1,0,0,91,64,1,1,3,2,64.0,0,0,1,0,0,1,0,0,2.3006720951966044
883,1,0,0,91,45,1,1,3,1,,0,0,1,0,1,0,0,0,2.3006720951966044
1006,1,0,1,90,31,0,0,0,0,32.0,0,0,0,0,0,0,0,0,0.04273361808533868
1008,1,0,0,90,31,0,0,0,0,20.0,0,0,0,0,0,0,0,0,0.010375689060844231
1009,1,0,0,90,17,0,0,0,0,25.0,0,0,0,0,0,0,0,0,0.010375689060844231
1013,0,0,1,93,38,1,1,1,1,,1,0,0,0,1,0,0,0,0.7767363805274472
1014,0,1,1,90,59,0,0,0,0,50.0,0,0,0,0,0,0,0,0,0.0563331500759938
1039,0,1,1,90,81,0,0,0,0,85.0,0,0,0,0,0,0,0,0,0.0563331500759938
1046,0,1,0,90,52,0,0,0,0,45.0,0,0,0,0,0,0,0,0,0.02397522105149935
1048,0,1,0,90,1,0,0,0,0,32.0,0,0,0,0,0,0,0,0,0.02397522105149935
1054,0,1,0,90,93,1,0,4,0,59.0,0,0,0,1,0,0,0,0,3.0777037625658465
1115,1,0,0,90,10,0,0,0,0,,0,0,0,0,0,0,0,0,0.010375689060844231
1116,1,0,0,90,40,0,0,0,0,,0,0,0,0,0,0,0,0,0.010375689060844231
1172,1,0,1,92,13,1,0,2,1,,0,1,0,0,1,0,0,0,1.5695978888425122
1204,1,0,1,90,17,0,0,0,0,,0,0,0,0,0,0,0,0,0.04273361808533868
1220,1,0,1,93,39,1,1,1,1,,1,0,0,0,1,0,0,0,0.8061657534639254
1222,1,0,0,92,15,1,1,2,1,,0,1,0,0,1,0,0,0,1.5372399598180175
1224,1,0,0,91,66,1,1,3,3,,0,0,1,0,0,0,1,0,2.3006720951966044
1225,1,0,1,92,45,1,1,2,1,,0,1,0,0,1,0,0,0,1.5695978888425122
1243,1,0,1,90,23,0,0,0,0,20.0,0,0,0,0,0,0,0,0,0.04273361808533868
1249,1,0,0,90,17,0,0,0,0,25.0,0,0,0,0,0,0,0,0,0.010375689060844231
1269,1,0,0,90,31,0,0,0,0,,0,0,0,0,0,0,0,0,0.010375689060844231
1302,0,0,1,91,64,0,0,0,0,,0,0,0,0,0,0,0,0,0.013304245148860548
1309,1,0,0,91,48,0,0,0,0,44.0,0,0,0,0,0,0,0,0,0.010375689060844231
1312,1,0,0,93,45,1,1,1,1,,1,0,0,0,1,0,0,0,0.7738078244394309
1332,0,0,0,91,37,0,0,0,0,,0,0,0,0,0,0,0,0,-0.0190536838756339
1333,1,0,1,92,48,1,1,2,2,,0,1,0,0,0,1,0,0,1.5695978888425122
1340,1,0,1,91,46,1,1,3,3,,0,0,1,0,0,0,1,0,2.333030024221099
1343,1,0,0,92,38,1,1,2,2,,0,1,0,0,0,1,0,0,1.5372399598180175
1351,1,0,0,91,25,1,0,3,0,,0,0,1,0,0,0,0,0,2.3006720951966044
1353,1,0,0,91,1,0,0,0,0,22.0,0,0,0,0,0,0,0,0,0.010375689060844231
1362,1,0,1,92,61,1,1,2,2,,0,1,0,0,0,1,0,0,1.5695978888425122
1364,1,0,1,92,44,1,1,2,2,,0,1,0,0,0,1,0,0,1.5695978888425122
1396,1,0,0,92,39,1,1,2,2,,0,1,0,0,0,1,0,0,1.5372399598180175
1398,1,0,0,92,64,1,1,2,2,,0,1,0,0,0,1,0,0,1.5372399598180175
1411,1,0,0,91,22,0,0,0,0,,0,0,0,0,0,0,0,0,0.010375689060844231
1434,0,1,1,92,32,1,1,2,1,,0,1,0,0,1,0,0,0,1.5831974208331672
1460,0,1,1,92,7,1,1,2,2,,0,1,0,0,0,1,0,0,1.5831974208331672
1461,0,1,1,92,59,1,1,2,2,,0,1,0,0,0,1,0,0,1.5831974208331672
1467,0,1,1,92,61,1,1,2,2,55.0,0,1,0,0,0,1,0,0,1.5831974208331672
1471,0,1,0,93,53,1,1,1,1,,1,0,0,0,1,0,0,0,0.7874073564300861
1474,1,0,0,92,1,0,0,0,0,38.0,0,0,0,0,0,0,0,0,0.010375689060844231
1481,1,0,1,93,54,1,1,1,1,,1,0,0,0,1,0,0,0,0.8061657534639254
1495,1,0,1,93,58,1,1,1,1,,1,0,0,0,1,0,0,0,0.8061657534639254
1513,1,0,1,92,59,0,0,0,0,,0,0,0,0,0,0,0,0,0.04273361808533868
1530,1,0,0,92,48,0,0,0,0,20.0,0,0,0,0,0,0,0,0,0.010375689060844231
1549,0,0,0,92,47,1,1,2,2,,0,1,0,0,0,1,0,0,1.5078105868815397
1554,0,0,0,92,52,0,0,0,0,64.0,0,0,0,0,0,0,0,0,-0.0190536838756339
1555,0,1,1,92,64,0,0,0,0,66.0,0,0,0,0,0,0,0,0,0.0563331500759938
1580,0,1,1,92,66,0,0,0,0,,0,0,0,0,0,0,0,0,0.0563331500759938
1592,1,0,0,92,33,1,1,2,2,,0,1,0,0,0,1,0,0,1.5372399598180175
1595,1,0,1,92,52,0,0,0,0,87.0,0,0,0,0,0,0,0,0,0.04273361808533868
1606,1,0,1,92,47,0,0,0,0,42.0,0,0,0,0,0,0,0,0,0.04273361808533868
1612,1,0,1,93,29,1,1,1,1,,1,0,0,0,1,0,0,0,0.8061657534639254
1624,1,0,1,93,61,1,1,1,1,,1,0,0,0,1,0,0,0,0.8061657534639254
1637,0,1,1,92,45,0,0,0,0,,0,0,0,0,0,0,0,0,0.0563331500759938
1638,1,0,1,93,25,1,1,1,1,,1,0,0,0,1,0,0,0,0.8061657534639254
1659,1,0,0,92,1,0,0,0,0,7.0,0,0,0,0,0,0,0,0,0.010375689060844231
1661,1,0,0,93,1,1,1,1,1,,1,0,0,0,1,0,0,0,0.7738078244394309
1667,1,0,1,92,10,0,0,0,0,15.0,0,0,0,0,0,0,0,0,0.04273361808533868
1677,1,0,0,93,29,1,1,1,1,,1,0,0,0,1,0,0,0,0.7738078244394309
1678,1,0,0,92,1,1,1,2,2,,0,1,0,0,0,1,0,0,1.5372399598180175
1687,1,0,0,93,26,1,1,1,1,15.0,1,0,0,0,1,0,0,0,0.7738078244394309
1707,1,0,1,92,23,0,0,0,0,,0,0,0,0,0,0,0,0,0.04273361808533868
1710,1,0,1,93,25,1,1,1,1,,1,0,0,0,1,0,0,0,0.8061657534639254
1715,1,0,0,93,64,1,1,1,1,,1,0,0,0,1,0,0,0,0.7738078244394309
1720,1,0,1,92,38,0,0,0,0,,0,0,0,0,0,0,0,0,0.04273361808533868
1726,1,0,0,92,72,0,0,0,0,,0,0,0,0,0,0,0,0,0.010375689060844231
1772,1,0,0,93,10,0,0,0,0,,0,0,0,0,0,0,0,0,0.010375689060844231
1773,1,0,1,93,33,0,1,0,1,,0,0,0,0,1,0,0,0,0.04273361808533868
1777,1,0,1,93,25,0,0,0,0,,0,0,0,0,0,0,0,0,0.04273361808533868
1785,1,0,0,93,64,1,1,1,1,,1,0,0,0,1,0,0,0,0.7738078244394309
1795,1,0,1,93,44,0,0,0,0,41.0,0,0,0,0,0,0,0,0,0.04273361808533868
1866,1,0,0,93,31,0,0,0,0,,0,0,0,0,0,0,0,0,0.010375689060844231
1880,1,0,1,93,47,0,0,0,0,,0,0,0,0,0,0,0,0,0.04273361808533868
1888,1,0,0,93,41,0,0,0,0,,0,0,0,0,0,0,0,0,0.010375689060844231
1893,1,0,0,93,37,0,0,0,0,22.0,0,0,0,0,0,0,0,0,0.010375689060844231
1899,1,0,1,93,10,0,0,0,0,1.0,0,0,0,0,0,0,0,0,0.04273361808533868
1935,1,0,0,93,10,0,0,0,0,,0,0,0,0,0,0,0,0,0.010375689060844231
1938,1,0,1,93,44,0,0,0,0,29.0,0,0,0,0,0,0,0,0,0.04273361808533868
1939,1,0,0,93,75,0,0,0,0,,0,0,0,0,0,0,0,0,0.010375689060844231
10007,1,0,1,91,51,0,0,0,0,,0,0,0,0,0,0,0,0,0.04273361808533868
10088,1,0,0,93,34,0,0,0,0,,0,0,0,0,0,0,0,0,0.010375689060844231
10092,0,0,1,93,77,0,0,0,0,,0,0,0,0,0,0,0,0,0.013304245148860548
10142,1,0,1,92,58,0,0,0,0,,0,0,0,0,0,0,0,0,0.04273361808533868
10144,1,0,1,92,28,0,0,0,0,,0,0,0,0,0,0,0,0,0.04273361808533868
10149,1,0,1,93,40,0,0,0,0,,0,0,0,0,0,0,0,0,0.04273361808533868
10163,0,0,1,92,38,0,0,0,0,,0,0,0,0,0,0,0,0,0.013304245148860548
10186,0,0,1,92,69,0,0,0,0,,0,0,0,0,0,0,0,0,0.013304245148860548
10194,1,0,1,93,51,0,0,0,0,,0,0,0,0,0,0,0,0,0.04273361808533868
10220,0,0,0,92,99,0,0,0,0,,0,0,0,0,0,0,0,0,-0.0190536838756339
10225,1,0,0,93,19,0,0,0,0,,0,0,0,0,0,0,0,0,0.010375689060844231
10250,1,0,1,92,40,0,0,0,0,,0,0,0,0,0,0,0,0,0.04273361808533868
10257,0,0,0,93,54,0,0,0,0,,0,0,0,0,0,0,0,0,-0.0190536838756339
10280,1,0,0,93,34,0,0,0,0,,0,0,0,0,0,0,0,0,0.010375689060844231
10304,0,0,0,91,75,0,0,0,0,,0,0,0,0,0,0,0,0,-0.0190536838756339
10305,0,0,1,91,64,0,0,0,0,,0,0,0,0,0,0,0,0,0.013304245148860548
10351,1,0,0,93,20,0,0,0,0,,0,0,0,0,0,0,0,0,0.010375689060844231
10359,0,0,0,93,57,0,0,0,0,,0,0,0,0,0,0,0,0,-0.0190536838756339
10369,1,0,0,91,61,0,0,0,0,,0,0,0,0,0,0,0,0,0.010375689060844231
10385,0,1,1,92,41,0,0,0,0,,0,0,0,0,0,0,0,0,0.0563331500759938
10406,0,1,0,91,36,0,0,0,0,,0,0,0,0,0,0,0,0,0.02397522105149935
10458,1,0,1,91,51,0,0,0,0,,0,0,0,0,0,0,0,0,0.04273361808533868
10469,0,0,0,93,46,0,0,0,0,,0,0,0,0,0,0,0,0,-0.0190536838756339
10562,0,1,0,91,7,0,0,0,0,,0,0,0,0,0,0,0,0,0.02397522105149935
10566,0,0,1,93,54,0,0,0,0,,0,0,0,0,0,0,0,0,0.013304245148860548
10569,0,0,1,92,66,0,0,0,0,,0,0,0,0,0,0,0,0,0.013304245148860548
10580,1,0,1,91,57,0,0,0,0,,0,0,0,0,0,0,0,0,0.04273361808533868
10584,1,0,1,91,71,0,0,0,0,,0,0,0,0,0,0,0,0,0.04273361808533868
10620,0,0,1,93,23,0,0,0,0,,0,0,0,0,0,0,0,0,0.013304245148860548
10621,1,0,1,91,48,0,0,0,0,,0,0,0,0,0,0,0,0,0.04273361808533868
10624,1,0,1,91,40,0,0,0,0,,0,0,0,0,0,0,0,0,0.04273361808533868
10645,1,0,0,93,34,0,0,0,0,,0,0,0,0,0,0,0,0,0.010375689060844231
10673,0,0,0,91,1,0,0,0,0,,0,0,0,0,0,0,0,0,-0.0190536838756339
10690,0,0,0,91,66,0,0,0,0,,0,0,0,0,0,0,0,0,-0.0190536838756339
10743,1,0,1,92,87,0,0,0,0,,0,0,0,0,0,0,0,0,0.04273361808533868
10770,0,0,0,90,32,0,0,0,0,,0,0,0,0,0,0,0,0,-0.0190536838756339
10783,1,0,1,90,31,0,0,0,0,,0,0,0,0,0,0,0,0,0.04273361808533868
10785,0,0,0,90,35,0,0,0,0,29.0,0,0,0,0,0,0,0,0,-0.0190536838756339
10795,1,0,1,90,45,0,0,0,0,25.0,0,0,0,0,0,0,0,0,0.04273361808533868
10805,1,0,1,90,57,0,0,0,0,,0,0,0,0,0,0,0,0,0.04273361808533868
10832,0,0,0,90,50,0,0,0,0,,0,0,0,0,0,0,0,0,-0.0190536838756339
10849,0,0,1,90,74,0,0,0,0,,0,0,0,0,0,0,0,0,0.013304245148860548
10872,0,1,1,91,48,0,0,0,0,,0,0,0,0,0,0,0,0,0.0563331500759938
10879,1,0,1,91,31,0,0,0,0,,0,0,0,0,0,0,0,0,0.04273361808533868
10926,1,0,1,90,80,0,0,0,0,,0,0,0,0,0,0,0,0,0.04273361808533868
10942,1,0,1,91,35,0,0,0,0,,0,0,0,0,0,0,0,0,0.04273361808533868
10953,1,0,1,90,69,0,0,0,0,,0,0,0,0,0,0,0,0,0.04273361808533868
10956,0,0,1,90,56,0,0,0,0,,0,0,0,0,0,0,0,0,0.013304245148860548
11010,1,0,0,90,15,0,0,0,0,,0,0,0,0,0,0,0,0,0.010375689060844231
11011,0,0,0,91,76,0,0,0,0,,0,0,0,0,0,0,0,0,-0.0190536838756339
11030,1,0,0,90,10,0,0,0,0,10.0,0,0,0,0,0,0,0,0,0.010375689060844231
11034,0,0,0,91,99,0,0,0,0,,0,0,0,0,0,0,0,0,-0.0190536838756339
11044,0,0,0,91,45,0,0,0,0,,0,0,0,0,0,0,0,0,-0.0190536838756339
11080,0,1,1,91,28,0,0,0,0,,0,0,0,0,0,0,0,0,0.0563331500759938
11084,0,0,1,91,37,0,0,0,0,,0,0,0,0,0,0,0,0,0.013304245148860548
11085,0,0,0,91,39,0,0,0,0,,0,0,0,0,0,0,0,0,-0.0190536838756339
11107,1,0,1,93,1,0,0,0,0,,0,0,0,0,0,0,0,0,0.04273361808533868
11108,0,0,0,90,77,0,0,0,0,,0,0,0,0,0,0,0,0,-0.0190536838756339
11115,1,0,1,90,33,0,0,0,0,1.0,0,0,0,0,0,0,0,0,0.04273361808533868
11129,1,0,1,93,66,0,0,0,0,,0,0,0,0,0,0,0,0,0.04273361808533868
11147,1,0,1,91,54,0,0,0,0,,0,0,0,0,0,0,0,0,0.04273361808533868
11151,1,0,1,91,50,0,0,0,0,,0,0,0,0,0,0,0,0,0.04273361808533868
11165,1,0,0,91,81,0,0,0,0,,0,0,0,0,0,0,0,0,0.010375689060844231
11184,1,0,1,90,23,0,0,0,0,,0,0,0,0,0,0,0,0,0.04273361808533868
11187,1,0,1,90,45,0,0,0,0,,0,0,0,0,0,0,0,0,0.04273361808533868
11200,1,0,1,90,81,0,0,0,0,,0,0,0,0,0,0,0,0,0.04273361808533868
11203,1,0,0,91,25,0,0,0,0,,0,0,0,0,0,0,0,0,0.010375689060844231
11217,1,0,0,93,20,0,0,0,0,,0,0,0,0,0,0,0,0,0.010375689060844231
11244,0,0,1,91,52,0,0,0,0,,0,0,0,0,0,0,0,0,0.013304245148860548
11263,1,0,0,91,23,0,0,0,0,,0,0,0,0,0,0,0,0,0.010375689060844231
11264,1,0,1,90,57,0,0,0,0,,0,0,0,0,0,0,0,0,0.04273361808533868
11283,1,0,0,90,35,0,0,0,0,,0,0,0,0,0,0,0,0,0.010375689060844231
11284,0,0,1,90,20,0,0,0,0,39.0,0,0,0,0,0,0,0,0,0.013304245148860548
11286,0,1,0,90,29,0,0,0,0,58.0,0,0,0,0,0,0,0,0,0.02397522105149935
11287,1,0,0,90,40,0,0,0,0,,0,0,0,0,0,0,0,0,0.010375689060844231
11288,1,0,0,90,28,0,0,0,0,,0,0,0,0,0,0,0,0,0.010375689060844231
11289,0,1,1,90,59,0,0,0,0,52.0,0,0,0,0,0,0,0,0,0.0563331500759938
11290,1,0,0,90,28,0,0,0,0,29.0,0,0,0,0,0,0,0,0,0.010375689060844231
11292,1,0,0,90,47,0,0,0,0,44.0,0,0,0,0,0,0,0,0,0.010375689060844231
11294,0,0,1,90,47,0,0,0,0,28.0,0,0,0,0,0,0,0,0,0.013304245148860548
11297,1,0,0,90,50,0,0,0,0,48.0,0,0,0,0,0,0,0,0,0.010375689060844231
11298,1,0,1,90,60,0,0,0,0,,0,0,0,0,0,0,0,0,0.04273361808533868
11299,1,0,0,90,52,0,0,0,0,,0,0,0,0,0,0,0,0,0.010375689060844231
11302,0,1,0,91,59,0,0,0,0,,0,0,0,0,0,0,0,0,0.02397522105149935
11303,0,0,1,90,48,0,0,0,0,,0,0,0,0,0,0,0,0,0.013304245148860548
11304,1,0,0,90,15,0,0,0,0,32.0,0,0,0,0,0,0,0,0,0.010375689060844231
11305,0,0,1,90,37,0,0,0,0,42.0,0,0,0,0,0,0,0,0,0.013304245148860548
11307,0,0,1,90,66,0,0,0,0,42.0,0,0,0,0,0,0,0,0,0.013304245148860548
11309,1,0,1,90,42,0,0,0,0,43.0,0,0,0,0,0,0,0,0,0.04273361808533868
11310,1,0,0,90,35,0,0,0,0,58.0,0,0,0,0,0,0,0,0,0.010375689060844231
11313,0,0,1,90,29,0,0,0,0,64.0,0,0,0,0,0,0,0,0,0.013304245148860548
11315,0,0,1,90,59,0,0,0,0,45.0,0,0,0,0,0,0,0,0,0.013304245148860548
11316,1,0,0,90,99,0,0,0,0,,0,0,0,0,0,0,0,0,0.010375689060844231
11320,1,0,0,90,55,0,0,0,0,50.0,0,0,0,0,0,0,0,0,0.010375689060844231
11321,0,0,0,90,90,0,0,0,0,99.0,0,0,0,0,0,0,0,0,-0.0190536838756339
11325,0,0,1,90,78,0,0,0,0,,0,0,0,0,0,0,0,0,0.013304245148860548
11327,1,0,0,90,38,0,0,0,0,58.0,0,0,0,0,0,0,0,0,0.010375689060844231
11328,1,0,1,90,60,0,0,0,0,70.0,0,0,0,0,0,0,0,0,0.04273361808533868
11329,0,0,1,90,60,0,0,0,0,70.0,0,0,0,0,0,0,0,0,0.013304245148860548
11330,1,0,1,90,42,0,0,0,0,22.0,0,0,0,0,0,0,0,0,0.04273361808533868
11331,1,0,0,90,50,0,0,0,0,77.0,0,0,0,0,0,0,0,0,0.010375689060844231
11332,1,0,1,90,38,0,0,0,0,,0,0,0,0,0,0,0,0,0.04273361808533868
11333,1,0,1,90,68,0,0,0,0,,0,0,0,0,0,0,0,0,0.04273361808533868
11336,0,0,0,90,90,0,0,0,0,,0,0,0,0,0,0,0,0,-0.0190536838756339
11337,0,0,0,90,78,0,0,0,0,,0,0,0,0,0,0,0,0,-0.0190536838756339
11338,0,0,0,90,78,0,0,0,0,,0,0,0,0,0,0,0,0,-0.0190536838756339
11339,1,0,0,90,70,0,0,0,0,,0,0,0,0,0,0,0,0,0.010375689060844231
11342,1,0,0,90,29,0,0,0,0,55.0,0,0,0,0,0,0,0,0,0.010375689060844231
11343,0,0,0,90,35,0,0,0,0,25.0,0,0,0,0,0,0,0,0,-0.0190536838756339
11344,1,0,1,90,70,0,0,0,0,,0,0,0,0,0,0,0,0,0.04273361808533868
11345,0,0,0,90,62,0,0,0,0,,0,0,0,0,0,0,0,0,-0.0190536838756339
11346,0,0,0,90,23,0,0,0,0,,0,0,0,0,0,0,0,0,-0.0190536838756339
11347,0,0,1,90,55,0,0,0,0,,0,0,0,0,0,0,0,0,0.013304245148860548
11349,0,0,1,90,78,0,0,0,0,,0,0,0,0,0,0,0,0,0.013304245148860548
11350,1,0,0,90,38,0,0,0,0,,0,0,0,0,0,0,0,0,0.010375689060844231
11353,0,0,0,90,50,0,0,0,0,,0,0,0,0,0,0,0,0,-0.0190536838756339
11354,0,0,1,90,64,0,0,0,0,,0,0,0,0,0,0,0,0,0.013304245148860548
11355,0,0,0,90,78,0,0,0,0,,0,0,0,0,0,0,0,0,-0.0190536838756339
11358,1,0,0,90,66,0,0,0,0,53.0,0,0,0,0,0,0,0,0,0.010375689060844231
11359,0,1,1,91,15,0,0,0,0,,0,0,0,0,0,0,0,0,0.0563331500759938
11360,0,0,0,90,29,0,0,0,0,,0,0,0,0,0,0,0,0,-0.0190536838756339
11361,1,0,0,90,17,0,0,0,0,25.0,0,0,0,0,0,0,0,0,0.010375689060844231
11363,1,0,0,90,50,0,0,0,0,,0,0,0,0,0,0,0,0,0.010375689060844231
11364,0,0,0,90,67,0,0,0,0,87.0,0,0,0,0,0,0,0,0,-0.0190536838756339
11365,1,0,1,90,45,0,0,0,0,,0,0,0,0,0,0,0,0,0.04273361808533868
11366,0,0,1,90,60,0,0,0,0,,0,0,0,0,0,0,0,0,0.013304245148860548
11367,1,0,0,90,57,0,0,0,0,44.0,0,0,0,0,0,0,0,0,0.010375689060844231
11372,1,0,0,90,59,0,0,0,0,52.0,0,0,0,0,0,0,0,0,0.010375689060844231
11373,1,0,1,90,59,0,0,0,0,50.0,0,0,0,0,0,0,0,0,0.04273361808533868
11375,0,0,1,90,55,0,0,0,0,,0,0,0,0,0,0,0,0,0.013304245148860548
11376,1,0,1,90,52,0,0,0,0,50.0,0,0,0,0,0,0,0,0,0.04273361808533868
11377,1,0,1,90,60,0,0,0,0,,0,0,0,0,0,0,0,0,0.04273361808533868
11379,1,0,1,90,38,0,0,0,0,38.0,0,0,0,0,0,0,0,0,0.04273361808533868
11380,1,0,1,90,35,0,0,0,0,58.0,0,0,0,0,0,0,0,0,0.04273361808533868
11381,1,0,1,90,52,0,0,0,0,,0,0,0,0,0,0,0,0,0.04273361808533868
11383,1,0,1,92,1,0,0,0,0,,0,0,0,0,0,0,0,0,0.04273361808533868
11384,1,0,1,90,70,0,0,0,0,52.0,0,0,0,0,0,0,0,0,0.04273361808533868
11385,0,0,1,90,44,0,0,0,0,45.0,0,0,0,0,0,0,0,0,0.013304245148860548
11386,1,0,0,90,40,0,0,0,0,,0,0,0,0,0,0,0,0,0.010375689060844231
11387,0,1,1,92,28,0,0,0,0,,0,0,0,0,0,0,0,0,0.0563331500759938
11388,0,0,1,90,55,0,0,0,0,62.0,0,0,0,0,0,0,0,0,0.013304245148860548
11389,1,0,1,90,1,0,0,0,0,50.0,0,0,0,0,0,0,0,0,0.04273361808533868
11391,0,0,1,90,81,0,0,0,0,61.0,0,0,0,0,0,0,0,0,0.013304245148860548
11392,0,0,1,90,87,0,0,0,0,,0,0,0,0,0,0,0,0,0.013304245148860548
11394,0,0,0,90,57,0,0,0,0,,0,0,0,0,0,0,0,0,-0.0190536838756339
11397,0,0,0,90,87,0,0,0,0,90.0,0,0,0,0,0,0,0,0,-0.0190536838756339
11398,0,0,0,90,75,0,0,0,0,,0,0,0,0,0,0,0,0,-0.0190536838756339
11399,0,0,0,90,99,0,0,0,0,,0,0,0,0,0,0,0,0,-0.0190536838756339
11400,1,0,0,90,38,0,0,0,0,51.0,0,0,0,0,0,0,0,0,0.010375689060844231
11401,1,0,0,90,77,0,0,0,0,74.0,0,0,0,0,0,0,0,0,0.010375689060844231
11402,1,0,0,90,29,0,0,0,0,,0,0,0,0,0,0,0,0,0.010375689060844231
11404,0,0,1,90,57,0,0,0,0,,0,0,0,0,0,0,0,0,0.013304245148860548
11405,1,0,0,90,28,0,0,0,0,17.0,0,0,0,0,0,0,0,0,0.010375689060844231
11409,1,0,0,90,57,0,0,0,0,,0,0,0,0,0,0,0,0,0.010375689060844231
11411,1,0,0,90,10,0,0,0,0,,0,0,0,0,0,0,0,0,0.010375689060844231
11413,1,0,1,90,70,0,0,0,0,,0,0,0,0,0,0,0,0,0.04273361808533868
11417,1,0,0,90,57,0,0,0,0,,0,0,0,0,0,0,0,0,0.010375689060844231
11418,1,0,1,90,28,0,0,0,0,,0,0,0,0,0,0,0,0,0.04273361808533868
11420,1,0,0,90,10,0,0,0,0,32.0,0,0,0,0,0,0,0,0,0.010375689060844231
11421,1,0,1,90,31,0,0,0,0,,0,0,0,0,0,0,0,0,0.04273361808533868
11422,1,0,0,90,31,0,0,0,0,48.0,0,0,0,0,0,0,0,0,0.010375689060844231
11424,1,0,0,90,42,0,0,0,0,39.0,0,0,0,0,0,0,0,0,0.010375689060844231
11425,0,0,1,90,55,0,0,0,0,,0,0,0,0,0,0,0,0,0.013304245148860548
11426,1,0,1,90,70,0,0,0,0,,0,0,0,0,0,0,0,0,0.04273361808533868
11427,1,0,1,90,55,0,0,0,0,62.0,0,0,0,0,0,0,0,0,0.04273361808533868
11430,0,0,0,90,90,0,0,0,0,58.0,0,0,0,0,0,0,0,0,-0.0190536838756339
11432,1,0,0,90,38,0,0,0,0,44.0,0,0,0,0,0,0,0,0,0.010375689060844231
11433,1,0,0,90,59,0,0,0,0,61.0,0,0,0,0,0,0,0,0,0.010375689060844231
11434,1,0,0,90,78,0,0,0,0,,0,0,0,0,0,0,0,0,0.010375689060844231
11436,1,0,1,90,64,0,0,0,0,77.0,0,0,0,0,0,0,0,0,0.04273361808533868
11437,1,0,1,90,35,0,0,0,0,32.0,0,0,0,0,0,0,0,0,0.04273361808533868
11438,1,0,0,90,70,0,0,0,0,42.0,0,0,0,0,0,0,0,0,0.010375689060844231
11439,1,0,0,90,35,0,0,0,0,41.0,0,0,0,0,0,0,0,0,0.010375689060844231
11440,0,0,0,90,74,0,0,0,0,64.0,0,0,0,0,0,0,0,0,-0.0190536838756339
11441,0,1,1,90,40,0,0,0,0,36.0,0,0,0,0,0,0,0,0,0.0563331500759938
11444,0,1,1,90,93,0,0,0,0,,0,0,0,0,0,0,0,0,0.0563331500759938
11449,1,0,0,90,40,0,0,0,0,42.0,0,0,0,0,0,0,0,0,0.010375689060844231
11452,0,0,1,90,87,0,0,0,0,,0,0,0,0,0,0,0,0,0.013304245148860548
11453,1,0,1,90,54,0,0,0,0,,0,0,0,0,0,0,0,0,0.04273361808533868
11456,0,0,1,90,45,0,0,0,0,28.0,0,0,0,0,0,0,0,0,0.013304245148860548
11458,1,0,1,90,44,0,0,0,0,28.0,0,0,0,0,0,0,0,0,0.04273361808533868
11459,0,0,0,90,52,0,0,0,0,,0,0,0,0,0,0,0,0,-0.0190536838756339
11460,1,0,0,92,1,0,0,0,0,,0,0,0,0,0,0,0,0,0.010375689060844231
11463,0,0,1,91,54,0,0,0,0,,0,0,0,0,0,0,0,0,0.013304245148860548
11464,0,0,1,90,59,0,0,0,0,,0,0,0,0,0,0,0,0,0.013304245148860548
11465,1,0,0,90,47,0,0,0,0,42.0,0,0,0,0,0,0,0,0,0.010375689060844231
11467,1,0,1,90,10,0,0,0,0,25.0,0,0,0,0,0,0,0,0,0.04273361808533868
11468,1,0,1,90,38,0,0,0,0,38.0,0,0,0,0,0,0,0,0,0.04273361808533868
11469,0,1,0,90,55,0,0,0,0,61.0,0,0,0,0,0,0,0,0,0.02397522105149935
11470,0,0,0,90,50,0,0,0,0,,0,0,0,0,0,0,0,0,-0.0190536838756339
11472,0,0,1,90,77,0,0,0,0,,0,0,0,0,0,0,0,0,0.013304245148860548
11473,0,1,1,90,29,0,0,0,0,39.0,0,0,0,0,0,0,0,0,0.0563331500759938
11474,1,0,1,90,70,0,0,0,0,55.0,0,0,0,0,0,0,0,0,0.04273361808533868
11475,1,0,1,90,1,0,0,0,0,42.0,0,0,0,0,0,0,0,0,0.04273361808533868
11476,1,0,1,90,60,0,0,0,0,55.0,0,0,0,0,0,0,0,0,0.04273361808533868
11477,1,0,1,90,31,0,0,0,0,39.0,0,0,0,0,0,0,0,0,0.04273361808533868
11478,1,0,1,90,29,0,0,0,0,,0,0,0,0,0,0,0,0,0.04273361808533868
11479,1,0,0,90,59,0,0,0,0,,0,0,0,0,0,0,0,0,0.010375689060844231
11480,0,0,1,90,59,0,0,0,0,,0,0,0,0,0,0,0,0,0.013304245148860548
11481,1,0,0,90,48,0,0,0,0,,0,0,0,0,0,0,0,0,0.010375689060844231
11482,0,0,0,90,25,0,0,0,0,,0,0,0,0,0,0,0,0,-0.0190536838756339
11486,1,0,0,90,50,0,0,0,0,48.0,0,0,0,0,0,0,0,0,0.010375689060844231
11487,1,0,0,90,47,0,0,0,0,43.0,0,0,0,0,0,0,0,0,0.010375689060844231
11492,0,0,0,90,90,0,0,0,0,99.0,0,0,0,0,0,0,0,0,-0.0190536838756339
11493,1,0,0,90,70,0,0,0,0,,0,0,0,0,0,0,0,0,0.010375689060844231
11494,1,0,0,90,17,0,0,0,0,,0,0,0,0,0,0,0,0,0.010375689060844231
11495,1,0,1,90,1,0,0,0,0,20.0,0,0,0,0,0,0,0,0,0.04273361808533868
11497,1,0,0,90,37,0,0,0,0,52.0,0,0,0,0,0,0,0,0,0.010375689060844231
11498,1,0,0,90,52,0,0,0,0,,0,0,0,0,0,0,0,0,0.010375689060844231
11500,0,0,0,90,48,0,0,0,0,,0,0,0,0,0,0,0,0,-0.0190536838756339
11501,0,0,1,90,75,0,0,0,0,,0,0,0,0,0,0,0,0,0.013304245148860548
11502,1,0,0,93,33,0,0,0,0,,0,0,0,0,0,0,0,0,0.010375689060844231
11505,1,0,0,90,47,0,0,0,0,58.0,0,0,0,0,0,0,0,0,0.010375689060844231
11506,0,0,0,90,99,0,0,0,0,99.0,0,0,0,0,0,0,0,0,-0.0190536838756339
11508,1,0,0,90,7,0,0,0,0,42.0,0,0,0,0,0,0,0,0,0.010375689060844231
11509,1,0,1,90,42,0,0,0,0,,0,0,0,0,0,0,0,0,0.04273361808533868
11510,0,0,0,90,87,0,0,0,0,80.0,0,0,0,0,0,0,0,0,-0.0190536838756339
11511,0,0,0,90,59,0,0,0,0,,0,0,0,0,0,0,0,0,-0.0190536838756339
11513,1,0,0,90,64,0,0,0,0,66.0,0,0,0,0,0,0,0,0,0.010375689060844231
11515,1,0,1,90,33,0,0,0,0,36.0,0,0,0,0,0,0,0,0,0.04273361808533868
11518,0,0,0,90,90,0,0,0,0,,0,0,0,0,0,0,0,0,-0.0190536838756339
11519,0,1,1,90,60,0,0,0,0,61.0,0,0,0,0,0,0,0,0,0.0563331500759938
11520,0,0,1,90,78,0,0,0,0,74.0,0,0,0,0,0,0,0,0,0.013304245148860548
11522,1,0,0,90,50,0,0,0,0,,0,0,0,0,0,0,0,0,0.010375689060844231
11523,1,0,0,90,40,0,0,0,0,42.0,0,0,0,0,0,0,0,0,0.010375689060844231
11528,0,0,0,90,99,0,0,0,0,99.0,0,0,0,0,0,0,0,0,-0.0190536838756339
11529,0,0,1,90,99,0,0,0,0,,0,0,0,0,0,0,0,0,0.013304245148860548
11530,0,0,1,90,50,0,0,0,0,56.0,0,0,0,0,0,0,0,0,0.013304245148860548
11532,1,0,1,90,42,0,0,0,0,32.0,0,0,0,0,0,0,0,0,0.04273361808533868
11534,1,0,0,90,52,0,0,0,0,25.0,0,0,0,0,0,0,0,0,0.010375689060844231
11535,0,1,1,90,52,0,0,0,0,,0,0,0,0,0,0,0,0,0.0563331500759938
11537,0,0,1,90,70,0,0,0,0,,0,0,0,0,0,0,0,0,0.013304245148860548
11538,0,0,0,90,28,0,0,0,0,,0,0,0,0,0,0,0,0,-0.0190536838756339
11540,1,0,1,90,66,0,0,0,0,,0,0,0,0,0,0,0,0,0.04273361808533868
11541,0,0,0,90,52,0,0,0,0,,0,0,0,0,0,0,0,0,-0.0190536838756339
11542,1,0,0,90,23,0,0,0,0,45.0,0,0,0,0,0,0,0,0,0.010375689060844231
11545,0,0,0,90,40,0,0,0,0,,0,0,0,0,0,0,0,0,-0.0190536838756339
11547,0,0,0,90,47,0,0,0,0,39.0,0,0,0,0,0,0,0,0,-0.0190536838756339
11550,1,0,1,90,35,0,0,0,0,25.0,0,0,0,0,0,0,0,0,0.04273361808533868
11551,1,0,1,90,59,0,0,0,0,,0,0,0,0,0,0,0,0,0.04273361808533868
11552,1,0,1,90,38,0,0,0,0,42.0,0,0,0,0,0,0,0,0,0.04273361808533868
11554,0,0,1,90,37,0,0,0,0,45.0,0,0,0,0,0,0,0,0,0.013304245148860548
11555,1,0,0,90,40,0,0,0,0,,0,0,0,0,0,0,0,0,0.010375689060844231
11556,1,0,1,90,1,0,0,0,0,28.0,0,0,0,0,0,0,0,0,0.04273361808533868
11558,1,0,0,90,59,0,0,0,0,25.0,0,0,0,0,0,0,0,0,0.010375689060844231
11559,1,0,1,90,42,0,0,0,0,29.0,0,0,0,0,0,0,0,0,0.04273361808533868
11560,1,0,1,90,57,0,0,0,0,45.0,0,0,0,0,0,0,0,0,0.04273361808533868
11563,1,0,0,90,85,0,0,0,0,,0,0,0,0,0,0,0,0,0.010375689060844231
11566,1,0,1,90,33,0,0,0,0,38.0,0,0,0,0,0,0,0,0,0.04273361808533868
11567,0,1,1,90,50,0,0,0,0,,0,0,0,0,0,0,0,0,0.0563331500759938
11569,1,0,0,90,72,0,0,0,0,22.0,0,0,0,0,0,0,0,0,0.010375689060844231
11571,0,0,0,90,40,0,0,0,0,,0,0,0,0,0,0,0,0,-0.0190536838756339
11572,0,0,1,90,66,0,0,0,0,64.0,0,0,0,0,0,0,0,0,0.013304245148860548
11573,0,0,1,90,78,0,0,0,0,,0,0,0,0,0,0,0,0,0.013304245148860548
11574,1,0,0,90,40,0,0,0,0,36.0,0,0,0,0,0,0,0,0,0.010375689060844231
11575,0,1,0,90,35,0,0,0,0,,0,0,0,0,0,0,0,0,0.02397522105149935
11577,0,0,0,90,99,0,0,0,0,,0,0,0,0,0,0,0,0,-0.0190536838756339
11578,0,0,1,90,62,0,0,0,0,,0,0,0,0,0,0,0,0,0.013304245148860548
11580,1,0,1,90,28,0,0,0,0,48.0,0,0,0,0,0,0,0,0,0.04273361808533868
11581,0,0,1,90,93,0,0,0,0,80.0,0,0,0,0,0,0,0,0,0.013304245148860548
11582,0,1,0,90,28,0,0,0,0,48.0,0,0,0,0,0,0,0,0,0.02397522105149935
11583,0,1,1,90,60,0,0,0,0,,0,0,0,0,0,0,0,0,0.0563331500759938
11584,0,0,1,90,50,0,0,0,0,29.0,0,0,0,0,0,0,0,0,0.013304245148860548
11585,1,0,0,90,55,0,0,0,0,50.0,0,0,0,0,0,0,0,0,0.010375689060844231
11586,1,0,1,90,52,0,0,0,0,58.0,0,0,0,0,0,0,0,0,0.04273361808533868
11587,0,0,1,91,64,0,0,0,0,,0,0,0,0,0,0,0,0,0.013304245148860548
11588,1,0,1,90,62,0,0,0,0,36.0,0,0,0,0,0,0,0,0,0.04273361808533868
11590,0,0,1,90,99,0,0,0,0,,0,0,0,0,0,0,0,0,0.013304245148860548
11592,0,1,1,90,78,0,0,0,0,34.0,0,0,0,0,0,0,0,0,0.0563331500759938
11596,1,0,0,90,10,0,0,0,0,,0,0,0,0,0,0,0,0,0.010375689060844231
11598,0,0,1,90,7,0,0,0,0,29.0,0,0,0,0,0,0,0,0,0.013304245148860548
11599,1,0,1,90,28,0,0,0,0,28.0,0,0,0,0,0,0,0,0,0.04273361808533868
11600,0,0,1,90,60,0,0,0,0,,0,0,0,0,0,0,0,0,0.013304245148860548
11605,0,0,1,90,90,0,0,0,0,,0,0,0,0,0,0,0,0,0.013304245148860548
11606,0,0,1,90,60,0,0,0,0,,0,0,0,0,0,0,0,0,0.013304245148860548
11607,1,0,1,90,28,0,0,0,0,42.0,0,0,0,0,0,0,0,0,0.04273361808533868
11608,0,0,1,90,60,0,0,0,0,,0,0,0,0,0,0,0,0,0.013304245148860548
11612,0,0,1,90,83,0,0,0,0,74.0,0,0,0,0,0,0,0,0,0.013304245148860548
11614,0,0,0,90,37,0,0,0,0,,0,0,0,0,0,0,0,0,-0.0190536838756339
11615,0,0,0,90,93,0,0,0,0,,0,0,0,0,0,0,0,0,-0.0190536838756339
11616,1,0,1,90,59,0,0,0,0,85.0,0,0,0,0,0,0,0,0,0.04273361808533868
11617,1,0,1,90,42,0,0,0,0,,0,0,0,0,0,0,0,0,0.04273361808533868
11618,0,0,1,90,52,0,0,0,0,39.0,0,0,0,0,0,0,0,0,0.013304245148860548
11619,1,0,1,90,15,0,0,0,0,29.0,0,0,0,0,0,0,0,0,0.04273361808533868
11620,1,0,1,90,13,0,0,0,0,,0,0,0,0,0,0,0,0,0.04273361808533868
11621,1,0,0,90,52,0,0,0,0,61.0,0,0,0,0,0,0,0,0,0.010375689060844231
11622,1,0,1,90,17,0,0,0,0,34.0,0,0,0,0,0,0,0,0,0.04273361808533868
11623,0,0,1,90,59,0,0,0,0,48.0,0,0,0,0,0,0,0,0,0.013304245148860548
11624,0,0,0,90,42,0,0,0,0,,0,0,0,0,0,0,0,0,-0.0190536838756339
11628,0,0,0,90,78,0,0,0,0,45.0,0,0,0,0,0,0,0,0,-0.0190536838756339
11630,0,1,1,90,75,0,0,0,0,58.0,0,0,0,0,0,0,0,0,0.0563331500759938
11632,0,1,0,90,35,0,0,0,0,68.0,0,0,0,0,0,0,0,0,0.02397522105149935
11635,1,0,0,90,28,0,0,0,0,25.0,0,0,0,0,0,0,0,0,0.010375689060844231
11636,0,0,1,90,90,0,0,0,0,,0,0,0,0,0,0,0,0,0.013304245148860548
11638,0,1,1,92,47,0,0,0,0,,0,0,0,0,0,0,0,0,0.0563331500759938
11639,1,0,0,90,48,0,0,0,0,41.0,0,0,0,0,0,0,0,0,0.010375689060844231
11640,0,0,1,90,78,0,0,0,0,87.0,0,0,0,0,0,0,0,0,0.013304245148860548
11642,0,0,1,90,52,0,0,0,0,34.0,0,0,0,0,0,0,0,0,0.013304245148860548
11644,0,1,0,90,66,0,0,0,0,,0,0,0,0,0,0,0,0,0.02397522105149935
11645,0,0,1,90,7,0,0,0,0,32.0,0,0,0,0,0,0,0,0,0.013304245148860548
11646,0,0,0,90,68,0,0,0,0,,0,0,0,0,0,0,0,0,-0.0190536838756339
11647,0,0,0,90,47,0,0,0,0,,0,0,0,0,0,0,0,0,-0.0190536838756339
11649,0,0,0,90,62,0,0,0,0,39.0,0,0,0,0,0,0,0,0,-0.0190536838756339
11651,1,0,0,90,52,0,0,0,0,,0,0,0,0,0,0,0,0,0.010375689060844231
11652,1,0,0,90,48,0,0,0,0,,0,0,0,0,0,0,0,0,0.010375689060844231
11653,1,0,0,90,38,0,0,0,0,,0,0,0,0,0,0,0,0,0.010375689060844231
11654,0,0,0,90,20,0,0,0,0,28.0,0,0,0,0,0,0,0,0,-0.0190536838756339
11657,1,0,0,90,40,0,0,0,0,32.0,0,0,0,0,0,0,0,0,0.010375689060844231
11658,0,0,0,90,42,0,0,0,0,42.0,0,0,0,0,0,0,0,0,-0.0190536838756339
11659,1,0,1,90,25,0,0,0,0,,0,0,0,0,0,0,0,0,0.04273361808533868
11663,1,0,0,90,15,0,0,0,0,25.0,0,0,0,0,0,0,0,0,0.010375689060844231
11667,1,0,0,90,44,0,0,0,0,56.0,0,0,0,0,0,0,0,0,0.010375689060844231
11668,1,0,1,90,59,0,0,0,0,74.0,0,0,0,0,0,0,0,0,0.04273361808533868
11670,0,0,1,90,50,0,0,0,0,,0,0,0,0,0,0,0,0,0.013304245148860548
11672,1,0,0,90,59,0,0,0,0,50.0,0,0,0,0,0,0,0,0,0.010375689060844231
11673,0,0,0,90,29,0,0,0,0,,0,0,0,0,0,0,0,0,-0.0190536838756339
11674,1,0,0,90,10,0,0,0,0,19.0,0,0,0,0,0,0,0,0,0.010375689060844231
11676,1,0,1,90,35,0,0,0,0,41.0,0,0,0,0,0,0,0,0,0.04273361808533868
11677,0,0,0,90,38,0,0,0,0,,0,0,0,0,0,0,0,0,-0.0190536838756339
11678,0,0,0,90,60,0,0,0,0,48.0,0,0,0,0,0,0,0,0,-0.0190536838756339
11680,1,0,1,90,54,0,0,0,0,45.0,0,0,0,0,0,0,0,0,0.04273361808533868
11684,1,0,0,90,40,0,0,0,0,,0,0,0,0,0,0,0,0,0.010375689060844231
11686,1,0,1,90,57,0,0,0,0,,0,0,0,0,0,0,0,0,0.04273361808533868
11687,0,0,1,90,59,0,0,0,0,,0,0,0,0,0,0,0,0,0.013304245148860548
11688,0,1,0,90,59,0,0,0,0,,0,0,0,0,0,0,0,0,0.02397522105149935
11689,1,0,1,90,45,0,0,0,0,,0,0,0,0,0,0,0,0,0.04273361808533868
11690,1,0,0,90,13,0,0,0,0,25.0,0,0,0,0,0,0,0,0,0.010375689060844231
11691,1,0,0,90,75,0,0,0,0,44.0,0,0,0,0,0,0,0,0,0.010375689060844231
11695,1,0,1,90,1,0,0,0,0,,0,0,0,0,0,0,0,0,0.04273361808533868
11696,1,0,1,90,28,0,0,0,0,47.0,0,0,0,0,0,0,0,0,0.04273361808533868
11697,1,0,0,90,33,0,0,0,0,46.0,0,0,0,0,0,0,0,0,0.010375689060844231
11698,1,0,1,90,64,0,0,0,0,,0,0,0,0,0,0,0,0,0.04273361808533868
11702,1,0,0,90,67,0,0,0,0,52.0,0,0,0,0,0,0,0,0,0.010375689060844231
11703,1,0,0,90,15,0,0,0,0,28.0,0,0,0,0,0,0,0,0,0.010375689060844231
11704,1,0,0,90,55,0,0,0,0,48.0,0,0,0,0,0,0,0,0,0.010375689060844231
11705,1,0,1,90,28,0,0,0,0,36.0,0,0,0,0,0,0,0,0,0.04273361808533868
11707,1,0,1,90,28,0,0,0,0,52.0,0,0,0,0,0,0,0,0,0.04273361808533868
11709,0,1,1,91,29,0,0,0,0,,0,0,0,0,0,0,0,0,0.0563331500759938
11711,0,0,0,90,57,0,0,0,0,67.0,0,0,0,0,0,0,0,0,-0.0190536838756339
11712,1,0,1,90,13,0,0,0,0,52.0,0,0,0,0,0,0,0,0,0.04273361808533868
11714,1,0,0,90,37,0,0,0,0,36.0,0,0,0,0,0,0,0,0,0.010375689060844231
11717,1,0,1,90,33,0,0,0,0,52.0,0,0,0,0,0,0,0,0,0.04273361808533868
11719,1,0,0,90,37,0,0,0,0,,0,0,0,0,0,0,0,0,0.010375689060844231
11722,1,0,1,90,52,0,0,0,0,53.0,0,0,0,0,0,0,0,0,0.04273361808533868
11724,0,0,0,90,87,0,0,0,0,85.0,0,0,0,0,0,0,0,0,-0.0190536838756339
11725,1,0,1,90,48,0,0,0,0,,0,0,0,0,0,0,0,0,0.04273361808533868
11726,1,0,0,90,38,0,0,0,0,,0,0,0,0,0,0,0,0,0.010375689060844231
11727,1,0,0,90,60,0,0,0,0,32.0,0,0,0,0,0,0,0,0,0.010375689060844231
11729,1,0,1,90,17,0,0,0,0,44.0,0,0,0,0,0,0,0,0,0.04273361808533868
11730,1,0,0,90,68,0,0,0,0,58.0,0,0,0,0,0,0,0,0,0.010375689060844231
11733,1,0,1,90,66,0,0,0,0,,0,0,0,0,0,0,0,0,0.04273361808533868
11734,0,0,0,90,59,0,0,0,0,,0,0,0,0,0,0,0,0,-0.0190536838756339
11735,0,0,0,90,78,0,0,0,0,90.0,0,0,0,0,0,0,0,0,-0.0190536838756339
11736,1,0,0,90,57,0,0,0,0,,0,0,0,0,0,0,0,0,0.010375689060844231
11737,1,0,0,90,70,0,0,0,0,,0,0,0,0,0,0,0,0,0.010375689060844231
11738,1,0,0,90,59,0,0,0,0,59.0,0,0,0,0,0,0,0,0,0.010375689060844231
11740,1,0,0,90,47,0,0,0,0,41.0,0,0,0,0,0,0,0,0,0.010375689060844231
11741,1,0,1,90,59,0,0,0,0,,0,0,0,0,0,0,0,0,0.04273361808533868
11742,0,0,0,90,66,0,0,0,0,,0,0,0,0,0,0,0,0,-0.0190536838756339
11743,0,0,1,90,59,0,0,0,0,,0,0,0,0,0,0,0,0,0.013304245148860548
11754,0,0,1,92,53,0,0,0,0,59.0,0,0,0,0,0,0,0,0,0.013304245148860548
11780,0,0,0,91,22,0,0,0,0,77.0,0,0,0,0,0,0,0,0,-0.0190536838756339
11810,1,0,1,91,29,0,0,0,0,,0,0,0,0,0,0,0,0,0.04273361808533868
11813,0,0,1,90,55,0,0,0,0,,0,0,0,0,0,0,0,0,0.013304245148860548
11819,1,0,0,90,28,0,0,0,0,66.0,0,0,0,0,0,0,0,0,0.010375689060844231
11831,0,1,0,90,44,0,0,0,0,34.0,0,0,0,0,0,0,0,0,0.02397522105149935
11842,0,1,1,90,34,0,0,0,0,44.0,0,0,0,0,0,0,0,0,0.0563331500759938
11851,0,1,1,90,35,0,0,0,0,,0,0,0,0,0,0,0,0,0.0563331500759938
11853,1,0,0,90,48,0,0,0,0,32.0,0,0,0,0,0,0,0,0,0.010375689060844231
11856,1,0,0,93,44,0,0,0,0,28.0,0,0,0,0,0,0,0,0,0.010375689060844231
11859,1,0,1,90,35,0,0,0,0,7.0,0,0,0,0,0,0,0,0,0.04273361808533868
11862,1,0,1,91,36,0,0,0,0,69.0,0,0,0,0,0,0,0,0,0.04273361808533868
11881,0,0,0,92,85,0,0,0,0,99.0,0,0,0,0,0,0,0,0,-0.0190536838756339
11882,1,0,1,90,33,0,0,0,0,56.0,0,0,0,0,0,0,0,0,0.04273361808533868
11885,0,0,0,91,93,0,0,0,0,81.0,0,0,0,0,0,0,0,0,-0.0190536838756339
11895,1,0,1,90,36,0,0,0,0,22.0,0,0,0,0,0,0,0,0,0.04273361808533868
11898,1,0,0,90,17,0,0,0,0,,0,0,0,0,0,0,0,0,0.010375689060844231
11911,1,0,0,93,23,0,0,0,0,22.0,0,0,0,0,0,0,0,0,0.010375689060844231
11933,0,0,0,90,29,0,0,0,0,38.0,0,0,0,0,0,0,0,0,-0.0190536838756339
11935,1,0,0,90,44,0,0,0,0,7.0,0,0,0,0,0,0,0,0,0.010375689060844231
11986,0,0,1,90,36,0,0,0,0,41.0,0,0,0,0,0,0,0,0,0.013304245148860548
12006,0,1,0,91,40,0,0,0,0,66.0,0,0,0,0,0,0,0,0,0.02397522105149935
12016,0,0,1,91,52,0,0,0,0,,0,0,0,0,0,0,0,0,0.013304245148860548
12022,0,0,0,93,38,0,0,0,0,7.0,0,0,0,0,0,0,0,0,-0.0190536838756339
12030,0,0,0,92,56,0,0,0,0,75.0,0,0,0,0,0,0,0,0,-0.0190536838756339
12040,1,0,1,90,48,0,0,0,0,,0,0,0,0,0,0,0,0,0.04273361808533868
12042,0,0,0,91,73,0,0,0,0,75.0,0,0,0,0,0,0,0,0,-0.0190536838756339
12063,1,0,1,90,47,0,0,0,0,51.0,0,0,0,0,0,0,0,0,0.04273361808533868
12064,0,1,0,90,44,0,0,0,0,48.0,0,0,0,0,0,0,0,0,0.02397522105149935
12066,1,0,0,90,28,0,0,0,0,32.0,0,0,0,0,0,0,0,0,0.010375689060844231
12067,1,0,1,90,1,0,0,0,0,44.0,0,0,0,0,0,0,0,0,0.04273361808533868
12079,1,0,0,90,36,0,0,0,0,46.0,0,0,0,0,0,0,0,0,0.010375689060844231
12089,1,0,0,93,35,0,0,0,0,54.0,0,0,0,0,0,0,0,0,0.010375689060844231
12103,0,0,1,93,50,0,0,0,0,,0,0,0,0,0,0,0,0,0.013304245148860548
12145,1,0,1,92,40,0,0,0,0,54.0,0,0,0,0,0,0,0,0,0.04273361808533868
12163,1,0,1,91,44,0,0,0,0,,0,0,0,0,0,0,0,0,0.04273361808533868
12184,0,0,0,93,20,0,0,0,0,,0,0,0,0,0,0,0,0,-0.0190536838756339
12190,1,0,0,92,44,0,0,0,0,,0,0,0,0,0,0,0,0,0.010375689060844231
12208,1,0,0,92,22,0,0,0,0,23.0,0,0,0,0,0,0,0,0,0.010375689060844231
12210,1,0,0,90,51,0,0,0,0,44.0,0,0,0,0,0,0,0,0,0.010375689060844231
12237,1,0,0,91,36,0,0,0,0,46.0,0,0,0,0,0,0,0,0,0.010375689060844231
12242,0,0,0,91,39,0,0,0,0,,0,0,0,0,0,0,0,0,-0.0190536838756339
12313,1,0,0,90,1,0,0,0,0,13.0,0,0,0,0,0,0,0,0,0.010375689060844231
12327,1,0,1,91,48,0,0,0,0,,0,0,0,0,0,0,0,0,0.04273361808533868
12350,1,0,1,91,51,0,0,0,0,,0,0,0,0,0,0,0,0,0.04273361808533868
12374,1,0,1,91,1,0,0,0,0,1.0,0,0,0,0,0,0,0,0,0.04273361808533868
12382,0,0,0,93,47,0,0,0,0,,0,0,0,0,0,0,0,0,-0.0190536838756339
12551,1,0,0,92,10,0,0,0,0,,0,0,0,0,0,0,0,0,0.010375689060844231
12607,1,0,1,90,34,0,0,0,0,51.0,0,0,0,0,0,0,0,0,0.04273361808533868
12615,0,0,0,91,19,0,0,0,0,,0,0,0,0,0,0,0,0,-0.0190536838756339
12652,1,0,0,90,38,0,0,0,0,23.0,0,0,0,0,0,0,0,0,0.010375689060844231
12676,0,0,1,90,15,0,0,0,0,28.0,0,0,0,0,0,0,0,0,0.013304245148860548
12693,1,0,0,90,31,0,0,0,0,58.0,0,0,0,0,0,0,0,0,0.010375689060844231
12817,1,0,0,90,22,0,0,0,0,,0,0,0,0,0,0,0,0,0.010375689060844231
12864,1,0,0,90,30,0,0,0,0,38.0,0,0,0,0,0,0,0,0,0.010375689060844231
12910,1,0,1,90,28,0,0,0,0,10.0,0,0,0,0,0,0,0,0,0.04273361808533868
12936,1,0,0,90,47,0,0,0,0,,0,0,0,0,0,0,0,0,0.010375689060844231
12960,0,0,0,90,62,0,0,0,0,,0,0,0,0,0,0,0,0,-0.0190536838756339
12968,1,0,1,91,19,0,0,0,0,,0,0,0,0,0,0,0,0,0.04273361808533868
13014,1,0,0,90,71,0,0,0,0,50.0,0,0,0,0,0,0,0,0,0.010375689060844231
13018,0,0,0,90,99,0,0,0,0,,0,0,0,0,0,0,0,0,-0.0190536838756339
13035,1,0,1,90,36,0,0,0,0,,0,0,0,0,0,0,0,0,0.04273361808533868
13050,1,0,1,90,23,0,0,0,0,,0,0,0,0,0,0,0,0,0.04273361808533868
13226,1,0,1,90,15,0,0,0,0,15.0,0,0,0,0,0,0,0,0,0.04273361808533868
20006,0,0,0,92,55,1,1,2,1,,0,1,0,0,1,0,0,0,1.5078105868815397
20007,0,1,0,92,74,1,1,2,1,,0,1,0,0,1,0,0,0,1.5508394918086728
20008,0,1,1,92,25,1,1,2,1,,0,1,0,0,1,0,0,0,1.5831974208331672
20009,0,1,0,92,52,1,1,2,1,,0,1,0,0,1,0,0,0,1.5508394918086728
20012,0,1,0,92,85,1,1,2,1,,0,1,0,0,1,0,0,0,1.5508394918086728
20014,0,1,1,92,45,1,1,2,1,,0,1,0,0,1,0,0,0,1.5831974208331672
20016,0,1,0,92,46,1,1,2,2,,0,1,0,0,0,1,0,0,1.5508394918086728
20017,0,1,0,92,48,1,1,2,2,,0,1,0,0,0,1,0,0,1.5508394918086728
20018,0,1,1,92,41,1,1,2,2,,0,1,0,0,0,1,0,0,1.5831974208331672
20019,0,1,1,92,59,1,1,2,2,,0,1,0,0,0,1,0,0,1.5831974208331672
20022,0,1,1,92,51,1,1,2,2,,0,1,0,0,0,1,0,0,1.5831974208331672
20023,0,1,0,92,48,1,1,2,2,,0,1,0,0,0,1,0,0,1.5508394918086728
20024,0,1,0,92,13,1,1,2,2,10.0,0,1,0,0,0,1,0,0,1.5508394918086728
20026,0,1,1,92,39,1,1,2,2,,0,1,0,0,0,1,0,0,1.5831974208331672
20028,0,1,0,92,47,1,1,2,2,45.0,0,1,0,0,0,1,0,0,1.5508394918086728
20029,0,0,0,92,31,1,1,2,2,,0,1,0,0,0,1,0,0,1.5078105868815397
20031,0,1,0,92,64,1,1,2,2,,0,1,0,0,0,1,0,0,1.5508394918086728
20032,0,1,1,92,38,1,1,2,2,38.0,0,1,0,0,0,1,0,0,1.5831974208331672
20033,0,1,1,92,32,1,1,2,2,32.0,0,1,0,0,0,1,0,0,1.5831974208331672
20034,0,1,1,92,40,1,1,2,2,44.0,0,1,0,0,0,1,0,0,1.5831974208331672
20037,0,1,0,92,35,1,1,2,2,,0,1,0,0,0,1,0,0,1.5508394918086728
20039,0,1,0,92,28,1,1,2,2,31.0,0,1,0,0,0,1,0,0,1.5508394918086728
20042,1,0,1,92,40,1,1,2,1,,0,1,0,0,1,0,0,0,1.5695978888425122
20045,1,0,0,93,99,1,1,1,1,,1,0,0,0,1,0,0,0,0.7738078244394309
20046,1,0,0,92,44,1,1,2,1,,0,1,0,0,1,0,0,0,1.5372399598180175
20047,1,0,0,92,48,1,1,2,1,,0,1,0,0,1,0,0,0,1.5372399598180175
20048,1,0,1,92,52,1,1,2,1,,0,1,0,0,1,0,0,0,1.5695978888425122
20049,1,0,1,92,55,1,1,2,1,,0,1,0,0,1,0,0,0,1.5695978888425122
20051,1,0,0,92,55,1,1,2,1,,0,1,0,0,1,0,0,0,1.5372399598180175
20052,1,0,1,92,99,1,1,2,1,,0,1,0,0,1,0,0,0,1.5695978888425122
20053,1,0,0,92,52,1,1,2,1,,0,1,0,0,1,0,0,0,1.5372399598180175
20054,1,0,0,92,48,1,1,2,1,,0,1,0,0,1,0,0,0,1.5372399598180175
20055,1,0,0,92,20,1,1,2,1,,0,1,0,0,1,0,0,0,1.5372399598180175
20057,1,0,0,92,59,1,1,2,1,,0,1,0,0,1,0,0,0,1.5372399598180175
20059,1,0,1,92,59,1,1,2,1,,0,1,0,0,1,0,0,0,1.5695978888425122
20061,1,0,1,92,55,1,1,2,1,,0,1,0,0,1,0,0,0,1.5695978888425122
20062,1,0,0,91,30,1,1,3,1,,0,0,1,0,1,0,0,0,2.3006720951966044
20063,1,0,1,92,52,1,1,2,1,,0,1,0,0,1,0,0,0,1.5695978888425122
20066,1,0,1,92,15,1,1,2,1,,0,1,0,0,1,0,0,0,1.5695978888425122
20068,1,0,0,92,77,1,1,2,1,,0,1,0,0,1,0,0,0,1.5372399598180175
20072,1,0,1,92,39,1,1,2,1,,0,1,0,0,1,0,0,0,1.5695978888425122
20073,1,0,1,92,39,1,1,2,1,,0,1,0,0,1,0,0,0,1.5695978888425122
20074,1,0,1,92,45,1,1,2,1,,0,1,0,0,1,0,0,0,1.5695978888425122
20077,1,0,1,92,52,1,1,2,1,,0,1,0,0,1,0,0,0,1.5695978888425122
20078,1,0,1,92,45,1,1,2,1,,0,1,0,0,1,0,0,0,1.5695978888425122
20080,1,0,1,93,62,1,1,1,1,,1,0,0,0,1,0,0,0,0.8061657534639254
20081,1,0,1,92,48,1,1,2,2,,0,1,0,0,0,1,0,0,1.5695978888425122
20082,1,0,0,92,59,1,1,2,2,,0,1,0,0,0,1,0,0,1.5372399598180175
20085,1,0,1,92,69,1,1,2,2,,0,1,0,0,0,1,0,0,1.5695978888425122
20088,1,0,1,92,44,1,1,2,1,,0,1,0,0,1,0,0,0,1.5695978888425122
20091,1,0,1,92,55,1,1,2,2,,0,1,0,0,0,1,0,0,1.5695978888425122
20093,1,0,1,92,34,1,1,2,2,,0,1,0,0,0,1,0,0,1.5695978888425122
20095,1,0,1,92,37,1,1,2,2,,0,1,0,0,0,1,0,0,1.5695978888425122
20097,1,0,1,92,31,1,1,2,2,,0,1,0,0,0,1,0,0,1.5695978888425122
20098,1,0,0,92,40,1,1,2,2,,0,1,0,0,0,1,0,0,1.5372399598180175
20099,1,0,1,92,40,1,0,2,1,,0,1,0,0,1,0,0,0,1.5695978888425122
20100,1,0,0,92,20,1,1,2,2,36.0,0,1,0,0,0,1,0,0,1.5372399598180175
20101,1,0,0,92,47,1,1,2,1,50.0,0,1,0,0,1,0,0,0,1.5372399598180175
20102,1,0,1,92,67,1,0,2,0,67.0,0,1,0,0,0,0,0,0,1.5695978888425122
20103,1,0,0,92,45,1,1,2,2,52.0,0,1,0,0,0,1,0,0,1.5372399598180175
20104,1,0,1,92,23,1,1,2,2,29.0,0,1,0,0,0,1,0,0,1.5695978888425122
20105,1,0,1,92,77,1,1,2,2,85.0,0,1,0,0,0,1,0,0,1.5695978888425122
20106,1,0,1,92,66,1,1,2,1,59.0,0,1,0,0,1,0,0,0,1.5695978888425122
20107,1,0,1,92,59,1,1,2,2,,0,1,0,0,0,1,0,0,1.5695978888425122
20108,1,0,1,92,45,1,1,2,2,,0,1,0,0,0,1,0,0,1.5695978888425122
20109,1,0,1,92,31,1,1,2,2,38.0,0,1,0,0,0,1,0,0,1.5695978888425122
20111,1,0,0,92,41,1,1,2,2,59.0,0,1,0,0,0,1,0,0,1.5372399598180175
20114,1,0,1,92,59,1,1,2,2,56.0,0,1,0,0,0,1,0,0,1.5695978888425122
20115,1,0,0,92,25,1,1,2,2,23.0,0,1,0,0,0,1,0,0,1.5372399598180175
20123,1,0,1,92,46,1,1,2,2,58.0,0,1,0,0,0,1,0,0,1.5695978888425122
20198,0,0,1,92,25,1,1,2,2,,0,1,0,0,0,1,0,0,1.540168515906034
20199,1,0,1,92,1,1,1,2,1,,0,1,0,0,1,0,0,0,1.5695978888425122
20202,0,1,0,92,28,1,1,2,1,,0,1,0,0,1,0,0,0,1.5508394918086728
20213,1,0,0,92,51,1,1,2,1,,0,1,0,0,1,0,0,0,1.5372399598180175
20214,1,0,1,92,48,1,1,2,1,,0,1,0,0,1,0,0,0,1.5695978888425122
20217,1,0,1,92,36,1,1,2,1,,0,1,0,0,1,0,0,0,1.5695978888425122
20218,1,0,1,92,47,1,1,2,1,,0,1,0,0,1,0,0,0,1.5695978888425122
20219,1,0,1,92,48,1,0,2,1,,0,1,0,0,1,0,0,0,1.5695978888425122
20220,1,0,1,92,58,1,1,2,1,,0,1,0,0,1,0,0,0,1.5695978888425122
20221,1,0,1,92,28,1,1,2,2,22.0,0,1,0,0,0,1,0,0,1.5695978888425122
20222,1,0,0,92,48,1,1,2,2,,0,1,0,0,0,1,0,0,1.5372399598180175
20223,0,1,0,92,54,1,1,2,2,32.0,0,1,0,0,0,1,0,0,1.5508394918086728
20225,1,0,0,92,38,1,1,2,1,,0,1,0,0,1,0,0,0,1.5372399598180175
20226,1,0,1,92,25,1,1,2,1,,0,1,0,0,1,0,0,0,1.5695978888425122
20227,1,0,0,92,15,1,1,2,1,,0,1,0,0,1,0,0,0,1.5372399598180175
20230,1,0,1,92,20,1,1,2,1,,0,1,0,0,1,0,0,0,1.5695978888425122
20233,1,0,1,92,47,1,1,2,2,,0,1,0,0,0,1,0,0,1.5695978888425122
20234,1,0,0,92,29,1,1,2,2,,0,1,0,0,0,1,0,0,1.5372399598180175
20235,1,0,1,92,48,1,1,2,1,,0,1,0,0,1,0,0,0,1.5695978888425122
20236,1,0,0,92,36,1,1,2,1,,0,1,0,0,1,0,0,0,1.5372399598180175
20237,1,0,0,92,48,1,1,2,1,,0,1,0,0,1,0,0,0,1.5372399598180175
20238,1,0,0,92,54,1,1,2,2,,0,1,0,0,0,1,0,0,1.5372399598180175
20240,1,0,0,92,10,1,1,2,1,,0,1,0,0,1,0,0,0,1.5372399598180175
20242,1,0,1,92,64,1,1,2,1,,0,1,0,0,1,0,0,0,1.5695978888425122
20243,1,0,1,92,39,1,1,2,1,,0,1,0,0,1,0,0,0,1.5695978888425122
20244,1,0,1,92,54,1,1,2,2,,0,1,0,0,0,1,0,0,1.5695978888425122
20247,1,0,1,92,42,1,1,2,1,,0,1,0,0,1,0,0,0,1.5695978888425122
20249,1,0,1,92,1,1,1,2,1,,0,1,0,0,1,0,0,0,1.5695978888425122
20252,1,0,1,92,72,1,0,2,0,80.0,0,1,0,0,0,0,0,0,1.5695978888425122
20253,1,0,1,92,29,1,1,2,1,,0,1,0,0,1,0,0,0,1.5695978888425122
20254,1,0,1,92,46,1,1,2,2,,0,1,0,0,0,1,0,0,1.5695978888425122
20256,1,0,1,92,1,1,1,2,1,,0,1,0,0,1,0,0,0,1.5695978888425122
20258,1,0,0,92,52,1,1,2,2,,0,1,0,0,0,1,0,0,1.5372399598180175
20261,1,0,1,92,32,1,1,2,1,,0,1,0,0,1,0,0,0,1.5695978888425122
20264,1,0,1,92,51,1,1,2,2,,0,1,0,0,0,1,0,0,1.5695978888425122
20265,1,0,0,92,25,1,1,2,2,,0,1,0,0,0,1,0,0,1.5372399598180175
20266,1,0,1,92,48,1,1,2,2,,0,1,0,0,0,1,0,0,1.5695978888425122
20268,1,0,1,92,42,1,1,2,1,,0,1,0,0,1,0,0,0,1.5695978888425122
20269,1,0,0,92,28,1,1,2,2,,0,1,0,0,0,1,0,0,1.5372399598180175
20271,1,0,0,92,15,1,1,2,2,,0,1,0,0,0,1,0,0,1.5372399598180175
20273,1,0,0,92,39,1,1,2,2,,0,1,0,0,0,1,0,0,1.5372399598180175
20274,1,0,0,92,28,1,1,2,2,,0,1,0,0,0,1,0,0,1.5372399598180175
20275,1,0,1,92,45,1,1,2,2,,0,1,0,0,0,1,0,0,1.5695978888425122
20276,1,0,0,92,55,1,1,2,1,,0,1,0,0,1,0,0,0,1.5372399598180175
20282,1,0,0,92,52,1,1,2,1,,0,1,0,0,1,0,0,0,1.5372399598180175
20283,1,0,1,92,45,1,1,2,1,,0,1,0,0,1,0,0,0,1.5695978888425122
20284,1,0,0,92,39,1,1,2,2,,0,1,0,0,0,1,0,0,1.5372399598180175
20285,1,0,1,92,44,1,1,2,2,,0,1,0,0,0,1,0,0,1.5695978888425122
20287,1,0,1,92,39,1,1,2,1,,0,1,0,0,1,0,0,0,1.5695978888425122
20288,1,0,1,91,77,1,1,3,2,,0,0,1,0,0,1,0,0,2.333030024221099
20292,1,0,0,92,66,1,1,2,1,,0,1,0,0,1,0,0,0,1.5372399598180175
20297,0,1,1,92,42,1,1,2,1,,0,1,0,0,1,0,0,0,1.5831974208331672
20307,1,0,0,92,71,1,1,2,1,,0,1,0,0,1,0,0,0,1.5372399598180175
20309,1,0,1,92,71,1,1,2,1,,0,1,0,0,1,0,0,0,1.5695978888425122
20310,1,0,1,92,36,1,1,2,1,,0,1,0,0,1,0,0,0,1.5695978888425122
20311,1,0,0,92,15,1,1,2,1,,0,1,0,0,1,0,0,0,1.5372399598180175
20313,1,0,1,92,10,1,1,2,1,,0,1,0,0,1,0,0,0,1.5695978888425122
20315,1,0,1,92,15,1,1,2,1,,0,1,0,0,1,0,0,0,1.5695978888425122
20318,1,0,1,92,36,1,1,2,2,,0,1,0,0,0,1,0,0,1.5695978888425122
20319,1,0,1,92,23,1,1,2,2,,0,1,0,0,0,1,0,0,1.5695978888425122
20320,1,0,0,92,50,1,1,2,2,,0,1,0,0,0,1,0,0,1.5372399598180175
20329,1,0,0,92,45,1,1,2,1,,0,1,0,0,1,0,0,0,1.5372399598180175
20330,0,1,1,92,66,1,1,2,2,,0,1,0,0,0,1,0,0,1.5831974208331672
20331,1,0,0,92,45,1,1,2,1,,0,1,0,0,1,0,0,0,1.5372399598180175
20333,1,0,1,93,61,1,1,1,1,,1,0,0,0,1,0,0,0,0.8061657534639254
20342,1,0,1,93,45,1,1,1,1,,1,0,0,0,1,0,0,0,0.8061657534639254
20351,1,0,1,93,20,1,1,1,1,,1,0,0,0,1,0,0,0,0.8061657534639254
20380,1,0,1,93,39,1,1,1,1,,1,0,0,0,1,0,0,0,0.8061657534639254
20381,1,0,1,93,36,1,1,1,1,,1,0,0,0,1,0,0,0,0.8061657534639254
20389,1,0,0,93,36,1,1,1,1,39.0,1,0,0,0,1,0,0,0,0.7738078244394309
20390,1,0,0,93,36,1,1,1,1,36.0,1,0,0,0,1,0,0,0,0.7738078244394309
20393,1,0,0,93,28,1,1,1,1,,1,0,0,0,1,0,0,0,0.7738078244394309
20394,1,0,1,93,1,1,1,1,1,,1,0,0,0,1,0,0,0,0.8061657534639254
20448,1,0,0,93,1,1,0,1,0,,1,0,0,0,0,0,0,0,0.7738078244394309
20455,1,0,0,93,39,1,0,1,0,29.0,1,0,0,0,0,0,0,0,0.7738078244394309
20499,0,1,1,93,35,1,1,1,1,45.0,1,0,0,0,1,0,0,0,0.8197652854545805
20501,0,1,1,93,36,1,1,1,1,,1,0,0,0,1,0,0,0,0.8197652854545805
20502,0,1,1,93,32,1,1,1,1,,1,0,0,0,1,0,0,0,0.8197652854545805
20506,0,1,0,93,15,1,1,1,1,,1,0,0,0,1,0,0,0,0.7874073564300861
20508,0,1,1,93,23,1,0,1,0,,1,0,0,0,0,0,0,0,0.8197652854545805
20510,0,1,1,93,59,1,1,1,1,66.0,1,0,0,0,1,0,0,0,0.8197652854545805
20511,0,1,0,93,46,1,1,1,1,54.0,1,0,0,0,1,0,0,0,0.7874073564300861
20513,0,1,0,93,31,1,1,1,1,1.0,1,0,0,0,1,0,0,0,0.7874073564300861
20514,0,1,1,93,56,1,1,1,1,66.0,1,0,0,0,1,0,0,0,0.8197652854545805
20515,0,1,0,93,1,1,1,1,1,,1,0,0,0,1,0,0,0,0.7874073564300861
20568,0,1,1,93,58,1,1,1,1,,1,0,0,0,1,0,0,0,0.8197652854545805
20573,0,1,1,93,55,1,1,1,1,,1,0,0,0,1,0,0,0,0.8197652854545805
20575,0,1,0,93,15,1,1,1,1,,1,0,0,0,1,0,0,0,0.7874073564300861
20576,0,1,1,93,74,1,1,1,1,,1,0,0,0,1,0,0,0,0.8197652854545805
20577,0,1,0,93,39,1,1,1,1,,1,0,0,0,1,0,0,0,0.7874073564300861
20580,0,1,0,93,25,1,1,1,1,,1,0,0,0,1,0,0,0,0.7874073564300861
20582,0,1,1,93,15,1,1,1,1,,1,0,0,0,1,0,0,0,0.8197652854545805
20583,0,1,0,93,56,1,0,1,0,,1,0,0,0,0,0,0,0,0.7874073564300861
20584,0,1,1,93,25,1,1,1,1,,1,0,0,0,1,0,0,0,0.8197652854545805
20585,0,1,1,93,56,1,1,1,1,,1,0,0,0,1,0,0,0,0.8197652854545805
20590,0,1,1,93,41,1,1,1,1,,1,0,0,0,1,0,0,0,0.8197652854545805
20591,0,1,0,93,17,1,1,1,1,,1,0,0,0,1,0,0,0,0.7874073564300861
20592,0,1,0,93,71,1,0,1,0,,1,0,0,0,0,0,0,0,0.7874073564300861
20597,0,1,1,93,62,1,1,1,1,,1,0,0,0,1,0,0,0,0.8197652854545805
20599,0,1,1,93,39,1,0,1,0,,1,0,0,0,0,0,0,0,0.8197652854545805
20601,0,1,0,93,44,1,1,1,1,,1,0,0,0,1,0,0,0,0.7874073564300861
20602,1,0,1,93,37,1,0,1,0,,1,0,0,0,0,0,0,0,0.8061657534639254
20603,0,1,1,93,55,1,1,1,1,,1,0,0,0,1,0,0,0,0.8197652854545805
20605,0,1,0,93,44,1,1,1,1,,1,0,0,0,1,0,0,0,0.7874073564300861
20629,1,0,0,93,99,1,1,1,1,,1,0,0,0,1,0,0,0,0.7738078244394309
20630,1,0,0,93,52,1,1,1,1,,1,0,0,0,1,0,0,0,0.7738078244394309
20632,1,0,1,93,48,1,1,1,1,,1,0,0,0,1,0,0,0,0.8061657534639254
20633,1,0,1,93,48,1,1,1,1,,1,0,0,0,1,0,0,0,0.8061657534639254
20634,1,0,1,93,52,1,1,1,1,,1,0,0,0,1,0,0,0,0.8061657534639254
20635,1,0,0,93,52,1,1,1,1,,1,0,0,0,1,0,0,0,0.7738078244394309
20636,1,0,0,93,58,1,1,1,1,,1,0,0,0,1,0,0,0,0.7738078244394309
20637,1,0,1,93,48,1,1,1,1,,1,0,0,0,1,0,0,0,0.8061657534639254
20638,1,0,0,93,90,1,1,1,1,,1,0,0,0,1,0,0,0,0.7738078244394309
20639,1,0,1,93,99,1,1,1,1,,1,0,0,0,1,0,0,0,0.8061657534639254
20640,1,0,1,93,36,1,1,1,1,,1,0,0,0,1,0,0,0,0.8061657534639254
20641,1,0,1,93,32,1,1,1,1,,1,0,0,0,1,0,0,0,0.8061657534639254
20642,1,0,1,93,36,1,1,1,1,,1,0,0,0,1,0,0,0,0.8061657534639254
20643,1,0,1,93,1,1,1,1,1,,1,0,0,0,1,0,0,0,0.8061657534639254
20644,1,0,1,93,59,1,1,1,1,,1,0,0,0,1,0,0,0,0.8061657534639254
20646,1,0,1,93,48,1,1,1,1,,1,0,0,0,1,0,0,0,0.8061657534639254
20647,1,0,1,93,38,1,1,1,1,,1,0,0,0,1,0,0,0,0.8061657534639254
20648,1,0,0,93,22,1,1,1,1,,1,0,0,0,1,0,0,0,0.7738078244394309
20649,1,0,1,93,34,1,1,1,1,,1,0,0,0,1,0,0,0,0.8061657534639254
20650,1,0,0,93,51,1,1,1,1,,1,0,0,0,1,0,0,0,0.7738078244394309
20651,1,0,0,93,44,1,1,1,1,,1,0,0,0,1,0,0,0,0.7738078244394309
20653,1,0,1,93,42,1,1,1,1,,1,0,0,0,1,0,0,0,0.8061657534639254
20655,1,0,0,93,45,1,1,1,1,,1,0,0,0,1,0,0,0,0.7738078244394309
20656,1,0,0,93,15,1,1,1,1,,1,0,0,0,1,0,0,0,0.7738078244394309
20657,1,0,1,93,57,1,1,1,1,34.0,1,0,0,0,1,0,0,0,0.8061657534639254
20658,1,0,0,93,40,1,1,1,1,,1,0,0,0,1,0,0,0,0.7738078244394309
20659,1,0,1,93,37,1,1,1,1,,1,0,0,0,1,0,0,0,0.8061657534639254
20660,1,0,0,93,17,1,1,1,1,44.0,1,0,0,0,1,0,0,0,0.7738078244394309
20661,1,0,1,93,80,1,1,1,1,,1,0,0,0,1,0,0,0,0.8061657534639254
20662,1,0,0,93,51,1,1,1,1,,1,0,0,0,1,0,0,0,0.7738078244394309
20663,1,0,0,93,72,1,1,1,1,,1,0,0,0,1,0,0,0,0.7738078244394309
20665,1,0,0,93,28,1,1,1,1,,1,0,0,0,1,0,0,0,0.7738078244394309
20666,1,0,0,93,49,1,1,1,1,,1,0,0,0,1,0,0,0,0.7738078244394309
20668,1,0,1,93,40,1,1,1,1,69.0,1,0,0,0,1,0,0,0,0.8061657534639254
20676,0,0,0,93,33,1,1,1,1,,1,0,0,0,1,0,0,0,0.7443784515029528
20678,1,0,1,93,54,1,1,1,1,,1,0,0,0,1,0,0,0,0.8061657534639254
20679,1,0,0,93,13,1,1,1,1,,1,0,0,0,1,0,0,0,0.7738078244394309
20680,1,0,0,93,28,1,1,1,1,,1,0,0,0,1,0,0,0,0.7738078244394309
20681,1,0,1,93,39,1,1,1,1,,1,0,0,0,1,0,0,0,0.8061657534639254
20687,1,0,0,93,15,1,1,1,1,32.0,1,0,0,0,1,0,0,0,0.7738078244394309
20689,1,0,1,93,39,1,1,1,1,,1,0,0,0,1,0,0,0,0.8061657534639254
20692,1,0,1,93,55,1,1,1,1,,1,0,0,0,1,0,0,0,0.8061657534639254
20693,1,0,1,93,34,1,1,1,1,,1,0,0,0,1,0,0,0,0.8061657534639254
20694,1,0,0,93,59,1,1,1,1,,1,0,0,0,1,0,0,0,0.7738078244394309
20696,1,0,1,93,30,1,1,1,1,,1,0,0,0,1,0,0,0,0.8061657534639254
20699,1,0,1,93,64,1,1,1,1,,1,0,0,0,1,0,0,0,0.8061657534639254
20701,1,0,0,93,48,1,1,1,1,,1,0,0,0,1,0,0,0,0.7738078244394309
20702,1,0,0,93,24,1,1,1,1,,1,0,0,0,1,0,0,0,0.7738078244394309
20703,1,0,0,93,90,1,1,1,1,,1,0,0,0,1,0,0,0,0.7738078244394309
20705,1,0,0,93,37,1,1,1,1,,1,0,0,0,1,0,0,0,0.7738078244394309
20707,1,0,0,93,71,1,1,1,1,,1,0,0,0,1,0,0,0,0.7738078244394309
20708,1,0,0,93,34,1,0,1,0,,1,0,0,0,0,0,0,0,0.7738078244394309
20709,1,0,1,93,90,1,1,1,1,,1,0,0,0,1,0,0,0,0.8061657534639254
20717,1,0,0,93,34,1,1,1,1,,1,0,0,0,1,0,0,0,0.7738078244394309
20718,1,0,0,93,10,1,1,1,1,,1,0,0,0,1,0,0,0,0.7738078244394309
20720,1,0,0,93,28,1,1,1,1,,1,0,0,0,1,0,0,0,0.7738078244394309
